date,total_cases,new_cases,total_deaths,new_deaths,total_vaccinations,new_vaccinations,people_vaccinated,people_fully_vaccinated,population
2020-01-01,,,,,,,,,68179267.0
2020-01-02,,,,,,,,,68179267.0
2020-01-03,,,,,,,,,68179267.0
2020-01-04,0.0,0.0,0.0,0.0,,,,,68179267.0
2020-01-05,0.0,0.0,0.0,0.0,,,,,68179267.0
2020-01-06,0.0,0.0,0.0,0.0,,,,,68179267.0
2020-01-07,0.0,0.0,0.0,0.0,,,,,68179267.0
2020-01-08,0.0,0.0,0.0,0.0,,,,,68179267.0
2020-01-09,0.0,0.0,0.0,0.0,,,,,68179267.0
2020-01-10,0.0,0.0,0.0,0.0,,,,,68179267.0
2020-01-11,0.0,0.0,0.0,0.0,,,,,68179267.0
2020-01-12,0.0,0.0,0.0,0.0,,,,,68179267.0
2020-01-13,0.0,0.0,0.0,0.0,,,,,68179267.0
2020-01-14,0.0,0.0,0.0,0.0,,,,,68179267.0
2020-01-15,0.0,0.0,0.0,0.0,,,,,68179267.0
2020-01-16,0.0,0.0,0.0,0.0,,,,,68179267.0
2020-01-17,0.0,0.0,0.0,0.0,,,,,68179267.0
2020-01-18,0.0,0.0,0.0,0.0,,,,,68179267.0
2020-01-19,0.0,0.0,0.0,0.0,,,,,68179267.0
2020-01-20,0.0,0.0,0.0,0.0,,,,,68179267.0
2020-01-21,0.0,0.0,0.0,0.0,,,,,68179267.0
2020-01-22,0.0,0.0,0.0,0.0,,,,,68179267.0
2020-01-23,0.0,0.0,0.0,0.0,,,,,68179267.0
2020-01-24,0.0,0.0,0.0,0.0,,,,,68179267.0
2020-01-25,0.0,0.0,0.0,0.0,,,,,68179267.0
2020-01-26,0.0,0.0,0.0,0.0,,,,,68179267.0
2020-01-27,0.0,0.0,0.0,0.0,,,,,68179267.0
2020-01-28,0.0,0.0,0.0,0.0,,,,,68179267.0
2020-01-29,0.0,0.0,0.0,0.0,,,,,68179267.0
2020-01-30,0.0,0.0,0.0,0.0,,,,,68179267.0
2020-01-31,0.0,0.0,0.0,0.0,,,,,68179267.0
2020-02-01,1.0,1.0,1.0,1.0,,,,,68179267.0
2020-02-02,1.0,0.0,1.0,0.0,,,,,68179267.0
2020-02-03,1.0,0.0,1.0,0.0,,,,,68179267.0
2020-02-04,2.0,1.0,2.0,1.0,,,,,68179267.0
2020-02-05,20.0,18.0,2.0,0.0,,,,,68179267.0
2020-02-06,20.0,0.0,2.0,0.0,,,,,68179267.0
2020-02-07,21.0,1.0,2.0,0.0,,,,,68179267.0
2020-02-08,21.0,0.0,2.0,0.0,,,,,68179267.0
2020-02-09,21.0,0.0,2.0,0.0,,,,,68179267.0
2020-02-10,24.0,3.0,2.0,0.0,,,,,68179267.0
2020-02-11,25.0,1.0,2.0,0.0,,,,,68179267.0
2020-02-12,26.0,1.0,2.0,0.0,,,,,68179267.0
2020-02-13,30.0,4.0,2.0,0.0,,,,,68179267.0
2020-02-14,31.0,1.0,2.0,0.0,,,,,68179267.0
2020-02-15,32.0,1.0,2.0,0.0,,,,,68179267.0
2020-02-16,32.0,0.0,2.0,0.0,,,,,68179267.0
2020-02-17,32.0,0.0,2.0,0.0,,,,,68179267.0
2020-02-18,32.0,0.0,2.0,0.0,,,,,68179267.0
2020-02-19,33.0,1.0,2.0,0.0,,,,,68179267.0
2020-02-20,33.0,0.0,2.0,0.0,,,,,68179267.0
2020-02-21,33.0,0.0,2.0,0.0,,,,,68179267.0
2020-02-22,33.0,0.0,2.0,0.0,,,,,68179267.0
2020-02-23,35.0,2.0,2.0,0.0,,,,,68179267.0
2020-02-24,35.0,0.0,3.0,1.0,,,,,68179267.0
2020-02-25,41.0,6.0,3.0,0.0,,,,,68179267.0
2020-02-26,43.0,2.0,3.0,0.0,,,,,68179267.0
2020-02-27,46.0,3.0,3.0,0.0,,,,,68179267.0
2020-02-28,48.0,2.0,3.0,0.0,,,,,68179267.0
2020-02-29,56.0,8.0,3.0,0.0,,,,,68179267.0
2020-03-01,68.0,12.0,3.0,0.0,,,,,68179267.0
2020-03-02,72.0,4.0,3.0,0.0,,,,,68179267.0
2020-03-03,92.0,20.0,3.0,0.0,,,,,68179267.0
2020-03-04,133.0,41.0,4.0,1.0,,,,,68179267.0
2020-03-05,191.0,58.0,4.0,0.0,,,,,68179267.0
2020-03-06,247.0,56.0,5.0,1.0,,,,,68179267.0
2020-03-07,296.0,49.0,7.0,2.0,,,,,68179267.0
2020-03-08,379.0,83.0,9.0,2.0,,,,,68179267.0
2020-03-09,447.0,68.0,9.0,0.0,,,,,68179267.0
2020-03-10,502.0,55.0,11.0,2.0,,,,,68179267.0
2020-03-11,650.0,148.0,16.0,5.0,,,,,68179267.0
2020-03-12,915.0,265.0,19.0,3.0,,,,,68179267.0
2020-03-13,1318.0,403.0,26.0,7.0,,,,,68179267.0
2020-03-14,1802.0,484.0,39.0,13.0,,,,,68179267.0
2020-03-15,2280.0,478.0,55.0,16.0,,,,,68179267.0
2020-03-16,2632.0,352.0,76.0,21.0,,,,,68179267.0
2020-03-17,3073.0,441.0,106.0,30.0,,,,,68179267.0
2020-03-18,3675.0,602.0,156.0,50.0,,,,,68179267.0
2020-03-19,4458.0,783.0,214.0,58.0,,,,,68179267.0
2020-03-20,5442.0,984.0,287.0,73.0,,,,,68179267.0
2020-03-21,6482.0,1040.0,366.0,79.0,,,,,68179267.0
2020-03-22,7735.0,1253.0,484.0,118.0,,,,,68179267.0
2020-03-23,8918.0,1183.0,627.0,143.0,,,,,68179267.0
2020-03-24,10279.0,1361.0,810.0,183.0,,,,,68179267.0
2020-03-25,12568.0,2289.0,1016.0,206.0,,,,,68179267.0
2020-03-26,14921.0,2353.0,1279.0,263.0,,,,,68179267.0
2020-03-27,17587.0,2666.0,1616.0,337.0,,,,,68179267.0
2020-03-28,20626.0,3039.0,2026.0,410.0,,,,,68179267.0
2020-03-29,23781.0,3155.0,2489.0,463.0,,,,,68179267.0
2020-03-30,26555.0,2774.0,3005.0,516.0,,,,,68179267.0
2020-03-31,29373.0,2818.0,3590.0,585.0,,,,,68179267.0
2020-04-01,33568.0,4195.0,4300.0,710.0,,,,,68179267.0
2020-04-02,38031.0,4463.0,5127.0,827.0,,,,,68179267.0
2020-04-03,42922.0,4891.0,6049.0,922.0,,,,,68179267.0
2020-04-04,47746.0,4824.0,7055.0,1006.0,,,,,68179267.0
2020-04-05,52599.0,4853.0,8111.0,1056.0,,,,,68179267.0
2020-04-06,56575.0,3976.0,9257.0,1146.0,,,,,68179267.0
2020-04-07,60131.0,3556.0,10476.0,1219.0,,,,,68179267.0
2020-04-08,65404.0,5273.0,11644.0,1168.0,,,,,68179267.0
2020-04-09,70881.0,5477.0,12936.0,1292.0,,,,,68179267.0
2020-04-10,76027.0,5146.0,14395.0,1459.0,,,,,68179267.0
2020-04-11,80902.0,4875.0,15766.0,1371.0,,,,,68179267.0
2020-04-12,85229.0,4327.0,17085.0,1319.0,,,,,68179267.0
2020-04-13,88814.0,3585.0,18447.0,1362.0,,,,,68179267.0
2020-04-14,92321.0,3507.0,19823.0,1376.0,,,,,68179267.0
2020-04-15,96524.0,4203.0,21053.0,1230.0,,,,,68179267.0
2020-04-16,100859.0,4335.0,22305.0,1252.0,,,,,68179267.0
2020-04-17,105929.0,5070.0,23580.0,1275.0,,,,,68179267.0
2020-04-18,111221.0,5292.0,24900.0,1320.0,,,,,68179267.0
2020-04-19,116198.0,4977.0,26167.0,1267.0,,,,,68179267.0
2020-04-20,120942.0,4744.0,27355.0,1188.0,,,,,68179267.0
2020-04-21,124823.0,3881.0,28477.0,1122.0,,,,,68179267.0
2020-04-22,129264.0,4441.0,29636.0,1159.0,,,,,68179267.0
2020-04-23,134060.0,4796.0,30718.0,1082.0,,,,,68179267.0
2020-04-24,139577.0,5517.0,31819.0,1101.0,,,,,68179267.0
2020-04-25,144743.0,5166.0,32856.0,1037.0,,,,,68179267.0
2020-04-26,149704.0,4961.0,33860.0,1004.0,,,,,68179267.0
2020-04-27,153461.0,3757.0,34778.0,918.0,,,,,68179267.0
2020-04-28,156937.0,3476.0,35672.0,894.0,,,,,68179267.0
2020-04-29,161676.0,4739.0,36538.0,866.0,,,,,68179267.0
2020-04-30,166395.0,4719.0,37338.0,800.0,,,,,68179267.0
2020-05-01,171828.0,5433.0,38155.0,817.0,,,,,68179267.0
2020-05-02,176789.0,4961.0,38935.0,780.0,,,,,68179267.0
2020-05-03,181555.0,4766.0,39720.0,785.0,,,,,68179267.0
2020-05-04,184813.0,3258.0,40425.0,705.0,,,,,68179267.0
2020-05-05,187815.0,3002.0,41086.0,661.0,,,,,68179267.0
2020-05-06,191213.0,3398.0,41762.0,676.0,,,,,68179267.0
2020-05-07,194899.0,3686.0,42404.0,642.0,,,,,68179267.0
2020-05-08,198731.0,3832.0,43031.0,627.0,,,,,68179267.0
2020-05-09,202518.0,3787.0,43660.0,629.0,,,,,68179267.0
2020-05-10,205582.0,3064.0,44228.0,568.0,,,,,68179267.0
2020-05-11,207752.0,2170.0,44767.0,539.0,,,,,68179267.0
2020-05-12,210089.0,2337.0,45260.0,493.0,,,,,68179267.0
2020-05-13,213701.0,3612.0,45687.0,427.0,,,,,68179267.0
2020-05-14,217111.0,3410.0,46128.0,441.0,,,,,68179267.0
2020-05-15,220441.0,3330.0,46582.0,454.0,,,,,68179267.0
2020-05-16,223071.0,2630.0,47047.0,465.0,,,,,68179267.0
2020-05-17,225601.0,2530.0,47468.0,421.0,,,,,68179267.0
2020-05-18,227683.0,2082.0,47887.0,419.0,,,,,68179267.0
2020-05-19,229520.0,1837.0,48264.0,377.0,,,,,68179267.0
2020-05-20,232101.0,2581.0,48671.0,407.0,,,,,68179267.0
2020-05-21,235164.0,3063.0,49042.0,371.0,,,,,68179267.0
2020-05-22,237883.0,2719.0,49395.0,353.0,,,,,68179267.0
2020-05-23,240450.0,2567.0,49737.0,342.0,,,,,68179267.0
2020-05-24,242507.0,2057.0,50037.0,300.0,,,,,68179267.0
2020-05-25,244039.0,1532.0,50321.0,284.0,,,,,68179267.0
2020-05-26,245412.0,1373.0,50602.0,281.0,,,,,68179267.0
2020-05-27,247037.0,1625.0,50881.0,279.0,,,,,68179267.0
2020-05-28,249107.0,2070.0,51180.0,299.0,,,,,68179267.0
2020-05-29,250932.0,1825.0,51461.0,281.0,,,,,68179267.0
2020-05-30,252689.0,1757.0,51749.0,288.0,,,,,68179267.0
2020-05-31,254220.0,1531.0,52003.0,254.0,,,,,68179267.0
2020-06-01,255352.0,1132.0,52222.0,219.0,,,,,68179267.0
2020-06-02,256432.0,1080.0,52417.0,195.0,,,,,68179267.0
2020-06-03,257871.0,1439.0,52616.0,199.0,,,,,68179267.0
2020-06-04,259363.0,1492.0,52849.0,233.0,,,,,68179267.0
2020-06-05,260732.0,1369.0,53052.0,203.0,,,,,68179267.0
2020-06-06,261981.0,1249.0,53235.0,183.0,,,,,68179267.0
2020-06-07,263104.0,1123.0,53419.0,184.0,,,,,68179267.0
2020-06-08,263908.0,804.0,53570.0,151.0,,,,,68179267.0
2020-06-09,264630.0,722.0,53733.0,163.0,,,,,68179267.0
2020-06-10,265729.0,1099.0,53894.0,161.0,,,,,68179267.0
2020-06-11,266894.0,1165.0,54031.0,137.0,,,,,68179267.0
2020-06-12,268090.0,1196.0,54197.0,166.0,,,,,68179267.0
2020-06-13,269103.0,1013.0,54318.0,121.0,,,,,68179267.0
2020-06-14,270156.0,1053.0,54453.0,135.0,,,,,68179267.0
2020-06-15,271042.0,886.0,54554.0,101.0,,,,,68179267.0
2020-06-16,271868.0,826.0,54690.0,136.0,,,,,68179267.0
2020-06-17,272913.0,1045.0,54797.0,107.0,,,,,68179267.0
2020-06-18,274016.0,1103.0,54917.0,120.0,,,,,68179267.0
2020-06-19,275033.0,1017.0,55022.0,105.0,,,,,68179267.0
2020-06-20,276055.0,1022.0,55111.0,89.0,,,,,68179267.0
2020-06-21,277048.0,993.0,55199.0,88.0,,,,,68179267.0
2020-06-22,277731.0,683.0,55286.0,87.0,,,,,68179267.0
2020-06-23,278367.0,636.0,55366.0,80.0,,,,,68179267.0
2020-06-24,279266.0,899.0,55449.0,83.0,,,,,68179267.0
2020-06-25,280149.0,883.0,55546.0,97.0,,,,,68179267.0
2020-06-26,280926.0,777.0,55647.0,101.0,,,,,68179267.0
2020-06-27,281652.0,726.0,55755.0,108.0,,,,,68179267.0
2020-06-28,282318.0,666.0,55834.0,79.0,,,,,68179267.0
2020-06-29,282971.0,653.0,55907.0,73.0,,,,,68179267.0
2020-06-30,283420.0,449.0,55977.0,70.0,,,,,68179267.0
2020-07-01,284144.0,724.0,56046.0,69.0,,,,,68179267.0
2020-07-02,284767.0,623.0,56127.0,81.0,,,,,68179267.0
2020-07-03,285419.0,652.0,56181.0,54.0,,,,,68179267.0
2020-07-04,286025.0,606.0,56242.0,61.0,,,,,68179267.0
2020-07-05,286593.0,568.0,56290.0,48.0,,,,,68179267.0
2020-07-06,286992.0,399.0,56342.0,52.0,,,,,68179267.0
2020-07-07,287550.0,558.0,56394.0,52.0,,,,,68179267.0
2020-07-08,288264.0,714.0,56448.0,54.0,,,,,68179267.0
2020-07-09,288873.0,609.0,56491.0,43.0,,,,,68179267.0
2020-07-10,289586.0,713.0,56538.0,47.0,,,,,68179267.0
2020-07-11,290308.0,722.0,56599.0,61.0,,,,,68179267.0
2020-07-12,290876.0,568.0,56643.0,44.0,,,,,68179267.0
2020-07-13,291334.0,458.0,56681.0,38.0,,,,,68179267.0
2020-07-14,291700.0,366.0,56713.0,32.0,,,,,68179267.0
2020-07-15,292440.0,740.0,56758.0,45.0,,,,,68179267.0
2020-07-16,293145.0,705.0,56800.0,42.0,,,,,68179267.0
2020-07-17,293922.0,777.0,56841.0,41.0,,,,,68179267.0
2020-07-18,294634.0,712.0,56862.0,21.0,,,,,68179267.0
2020-07-19,295216.0,582.0,56896.0,34.0,,,,,68179267.0
2020-07-20,295721.0,505.0,56927.0,31.0,,,,,68179267.0
2020-07-21,296169.0,448.0,56951.0,24.0,,,,,68179267.0
2020-07-22,296999.0,830.0,56982.0,31.0,,,,,68179267.0
2020-07-23,297787.0,788.0,57013.0,31.0,,,,,68179267.0
2020-07-24,298603.0,816.0,57047.0,34.0,,,,,68179267.0
2020-07-25,299411.0,808.0,57083.0,36.0,,,,,68179267.0
2020-07-26,300185.0,774.0,57102.0,19.0,,,,,68179267.0
2020-07-27,300715.0,530.0,57125.0,23.0,,,,,68179267.0
2020-07-28,301278.0,563.0,57157.0,32.0,,,,,68179267.0
2020-07-29,302147.0,869.0,57175.0,18.0,,,,,68179267.0
2020-07-30,303003.0,856.0,57201.0,26.0,,,,,68179267.0
2020-07-31,304065.0,1062.0,57229.0,28.0,,,,,68179267.0
2020-08-01,305011.0,946.0,57246.0,17.0,,,,,68179267.0
2020-08-02,305709.0,698.0,57277.0,31.0,,,,,68179267.0
2020-08-03,306268.0,559.0,57297.0,20.0,,,,,68179267.0
2020-08-04,306832.0,564.0,57314.0,17.0,,,,,68179267.0
2020-08-05,307892.0,1060.0,57337.0,23.0,,,,,68179267.0
2020-08-06,308958.0,1066.0,57364.0,27.0,,,,,68179267.0
2020-08-07,310049.0,1091.0,57377.0,13.0,,,,,68179267.0
2020-08-08,311154.0,1105.0,57398.0,21.0,,,,,68179267.0
2020-08-09,312127.0,973.0,57422.0,24.0,,,,,68179267.0
2020-08-10,312837.0,710.0,57444.0,22.0,,,,,68179267.0
2020-08-11,313464.0,627.0,57463.0,19.0,,,,,68179267.0
2020-08-12,314963.0,1499.0,57488.0,25.0,,,,,68179267.0
2020-08-13,316341.0,1378.0,57508.0,20.0,,,,,68179267.0
2020-08-14,317583.0,1242.0,57532.0,24.0,,,,,68179267.0
2020-08-15,318739.0,1156.0,57555.0,23.0,,,,,68179267.0
2020-08-16,319924.0,1185.0,57573.0,18.0,,,,,68179267.0
2020-08-17,320638.0,714.0,57596.0,23.0,,,,,68179267.0
2020-08-18,321240.0,602.0,57611.0,15.0,,,,,68179267.0
2020-08-19,322538.0,1298.0,57632.0,21.0,,,,,68179267.0
2020-08-20,323654.0,1116.0,57647.0,15.0,,,,,68179267.0
2020-08-21,324936.0,1282.0,57660.0,13.0,,,,,68179267.0
2020-08-22,326434.0,1498.0,57676.0,16.0,,,,,68179267.0
2020-08-23,327652.0,1218.0,57686.0,10.0,,,,,68179267.0
2020-08-24,328494.0,842.0,57698.0,12.0,,,,,68179267.0
2020-08-25,329325.0,831.0,57715.0,17.0,,,,,68179267.0
2020-08-26,330625.0,1300.0,57724.0,9.0,,,,,68179267.0
2020-08-27,331895.0,1270.0,57746.0,22.0,,,,,68179267.0
2020-08-28,333283.0,1388.0,57762.0,16.0,,,,,68179267.0
2020-08-29,334874.0,1591.0,57774.0,12.0,,,,,68179267.0
2020-08-30,336506.0,1632.0,57786.0,12.0,,,,,68179267.0
2020-08-31,337736.0,1230.0,57794.0,8.0,,,,,68179267.0
2020-09-01,338907.0,1171.0,57805.0,11.0,,,,,68179267.0
2020-09-02,340420.0,1513.0,57823.0,18.0,,,,,68179267.0
2020-09-03,342708.0,2288.0,57834.0,11.0,,,,,68179267.0
2020-09-04,345785.0,3077.0,57849.0,15.0,,,,,68179267.0
2020-09-05,348937.0,3152.0,57858.0,9.0,,,,,68179267.0
2020-09-06,352029.0,3092.0,57873.0,15.0,,,,,68179267.0
2020-09-07,354580.0,2551.0,57887.0,14.0,,,,,68179267.0
2020-09-08,357045.0,2465.0,57900.0,13.0,,,,,68179267.0
2020-09-09,360976.0,3931.0,57924.0,24.0,,,,,68179267.0
2020-09-10,364346.0,3370.0,57940.0,16.0,,,,,68179267.0
2020-09-11,367711.0,3365.0,57954.0,14.0,,,,,68179267.0
2020-09-12,371339.0,3628.0,57970.0,16.0,,,,,68179267.0
2020-09-13,374663.0,3324.0,57989.0,19.0,,,,,68179267.0
2020-09-14,377333.0,2670.0,58012.0,23.0,,,,,68179267.0
2020-09-15,379487.0,2154.0,58032.0,20.0,,,,,68179267.0
2020-09-16,382915.0,3428.0,58053.0,21.0,,,,,68179267.0
2020-09-17,386466.0,3551.0,58079.0,26.0,,,,,68179267.0
2020-09-18,390865.0,4399.0,58110.0,31.0,,,,,68179267.0
2020-09-19,395540.0,4675.0,58148.0,38.0,,,,,68179267.0
2020-09-20,400513.0,4973.0,58178.0,30.0,,,,,68179267.0
2020-09-21,405402.0,4889.0,58203.0,25.0,,,,,68179267.0
2020-09-22,410742.0,5340.0,58243.0,40.0,,,,,68179267.0
2020-09-23,416369.0,5627.0,58273.0,30.0,,,,,68179267.0
2020-09-24,422810.0,6441.0,58312.0,39.0,,,,,68179267.0
2020-09-25,429906.0,7096.0,58370.0,58.0,,,,,68179267.0
2020-09-26,437588.0,7682.0,58404.0,34.0,,,,,68179267.0
2020-09-27,444906.0,7318.0,58444.0,40.0,,,,,68179267.0
2020-09-28,451716.0,6810.0,58491.0,47.0,,,,,68179267.0
2020-09-29,458739.0,7023.0,58547.0,56.0,,,,,68179267.0
2020-09-30,468722.0,9983.0,58602.0,55.0,,,,,68179267.0
2020-10-01,479088.0,10366.0,58650.0,48.0,,,,,68179267.0
2020-10-02,491805.0,12717.0,58711.0,61.0,,,,,68179267.0
2020-10-03,505162.0,13357.0,58782.0,71.0,,,,,68179267.0
2020-10-04,519016.0,13854.0,58856.0,74.0,,,,,68179267.0
2020-10-05,530683.0,11667.0,58926.0,70.0,,,,,68179267.0
2020-10-06,542636.0,11953.0,58989.0,63.0,,,,,68179267.0
2020-10-07,559389.0,16753.0,59057.0,68.0,,,,,68179267.0
2020-10-08,576639.0,17250.0,59141.0,84.0,,,,,68179267.0
2020-10-09,595212.0,18573.0,59251.0,110.0,,,,,68179267.0
2020-10-10,613637.0,18425.0,59348.0,97.0,,,,,68179267.0
2020-10-11,629530.0,15893.0,59444.0,96.0,,,,,68179267.0
2020-10-12,642178.0,12648.0,59551.0,107.0,,,,,68179267.0
2020-10-13,654380.0,12202.0,59679.0,128.0,,,,,68179267.0
2020-10-14,674051.0,19671.0,59799.0,120.0,,,,,68179267.0
2020-10-15,693167.0,19116.0,59918.0,119.0,,,,,68179267.0
2020-10-16,713087.0,19920.0,60040.0,122.0,,,,,68179267.0
2020-10-17,731693.0,18606.0,60192.0,152.0,,,,,68179267.0
2020-10-18,749608.0,17915.0,60354.0,162.0,,,,,68179267.0
2020-10-19,764490.0,14882.0,60540.0,186.0,,,,,68179267.0
2020-10-20,778801.0,14311.0,60707.0,167.0,,,,,68179267.0
2020-10-21,804673.0,25872.0,60900.0,193.0,,,,,68179267.0
2020-10-22,830286.0,25613.0,61110.0,210.0,,,,,68179267.0
2020-10-23,856000.0,25714.0,61342.0,232.0,,,,,68179267.0
2020-10-24,879475.0,23475.0,61584.0,242.0,,,,,68179267.0
2020-10-25,901169.0,21694.0,61809.0,225.0,,,,,68179267.0
2020-10-26,917603.0,16434.0,62028.0,219.0,,,,,68179267.0
2020-10-27,933498.0,15895.0,62283.0,255.0,,,,,68179267.0
2020-10-28,960305.0,26807.0,62565.0,282.0,,,,,68179267.0
2020-10-29,984656.0,24351.0,62850.0,285.0,,,,,68179267.0
2020-10-30,1008557.0,23901.0,63131.0,281.0,,,,,68179267.0
2020-10-31,1032171.0,23614.0,63451.0,320.0,,,,,68179267.0
2020-11-01,1055061.0,22890.0,63803.0,352.0,,,,,68179267.0
2020-11-02,1071734.0,16673.0,64143.0,340.0,,,,,68179267.0
2020-11-03,1087704.0,15970.0,64502.0,359.0,,,,,68179267.0
2020-11-04,1119629.0,31925.0,64840.0,338.0,,,,,68179267.0
2020-11-05,1145572.0,25943.0,65217.0,377.0,,,,,68179267.0
2020-11-06,1169599.0,24027.0,65557.0,340.0,,,,,68179267.0
2020-11-07,1193662.0,24063.0,65944.0,387.0,,,,,68179267.0
2020-11-08,1217321.0,23659.0,66361.0,417.0,,,,,68179267.0
2020-11-09,1236087.0,18766.0,66778.0,417.0,,,,,68179267.0
2020-11-10,1256331.0,20244.0,67210.0,432.0,,,,,68179267.0
2020-11-11,1287841.0,31510.0,67701.0,491.0,,,,,68179267.0
2020-11-12,1315630.0,27789.0,68111.0,410.0,,,,,68179267.0
2020-11-13,1343387.0,27757.0,68520.0,409.0,,,,,68179267.0
2020-11-14,1368213.0,24826.0,68950.0,430.0,,,,,68179267.0
2020-11-15,1392601.0,24388.0,69400.0,450.0,,,,,68179267.0
2020-11-16,1410824.0,18223.0,69859.0,459.0,,,,,68179267.0
2020-11-17,1427057.0,16233.0,70315.0,456.0,,,,,68179267.0
2020-11-18,1454009.0,26952.0,70746.0,431.0,,,,,68179267.0
2020-11-19,1477497.0,23488.0,71212.0,466.0,,,,,68179267.0
2020-11-20,1498573.0,21076.0,71726.0,514.0,,,,,68179267.0
2020-11-21,1516614.0,18041.0,72211.0,485.0,,,,,68179267.0
2020-11-22,1533714.0,17100.0,72696.0,485.0,,,,,68179267.0
2020-11-23,1546247.0,12533.0,73194.0,498.0,,,,,68179267.0
2020-11-24,1558142.0,11895.0,73706.0,512.0,,,,,68179267.0
2020-11-25,1577166.0,19024.0,74213.0,507.0,,,,,68179267.0
2020-11-26,1593845.0,16679.0,74709.0,496.0,,,,,68179267.0
2020-11-27,1610659.0,16814.0,75208.0,499.0,,,,,68179267.0
2020-11-28,1625420.0,14761.0,75669.0,461.0,,,,,68179267.0
2020-11-29,1639974.0,14554.0,76128.0,459.0,,,,,68179267.0
2020-11-30,1651060.0,11086.0,76612.0,484.0,,,,,68179267.0
2020-12-01,1661912.0,10852.0,77113.0,501.0,,,,,68179267.0
2020-12-02,1680110.0,18198.0,77578.0,465.0,,,,,68179267.0
2020-12-03,1696794.0,16684.0,78000.0,422.0,,,,,68179267.0
2020-12-04,1713470.0,16676.0,78414.0,414.0,,,,,68179267.0
2020-12-05,1729330.0,15860.0,78917.0,503.0,,,,,68179267.0
2020-12-06,1745164.0,15834.0,79415.0,498.0,,,,,68179267.0
2020-12-07,1758057.0,12893.0,79822.0,407.0,,,,,68179267.0
2020-12-08,1771788.0,13731.0,80258.0,436.0,,,,,68179267.0
2020-12-09,1793372.0,21584.0,80724.0,466.0,,,,,68179267.0
2020-12-10,1814437.0,21065.0,81196.0,472.0,,,,,68179267.0
2020-12-11,1836346.0,21909.0,81644.0,448.0,,,,,68179267.0
2020-12-12,1859262.0,22916.0,82140.0,496.0,,,,,68179267.0
2020-12-13,1883652.0,24390.0,82631.0,491.0,,,,,68179267.0
2020-12-14,1903240.0,19588.0,83119.0,488.0,,,,,68179267.0
2020-12-15,1925506.0,22266.0,83599.0,480.0,,,,,68179267.0
2020-12-16,1960703.0,35197.0,84105.0,506.0,,,,,68179267.0
2020-12-17,1995081.0,34378.0,84611.0,506.0,,,,,68179267.0
2020-12-18,2030508.0,35427.0,85095.0,484.0,,,,,68179267.0
2020-12-19,2064945.0,34437.0,85662.0,567.0,,,,,68179267.0
2020-12-20,2101364.0,36419.0,86248.0,586.0,,,,,68179267.0
2020-12-21,2126953.0,25589.0,86796.0,548.0,,,,,68179267.0
2020-12-22,2160019.0,33066.0,87346.0,550.0,,,,,68179267.0
2020-12-23,2208211.0,48192.0,87947.0,601.0,,,,,68179267.0
2020-12-24,2254686.0,46475.0,88575.0,628.0,,,,,68179267.0
2020-12-25,2297622.0,42936.0,89204.0,629.0,,,,,68179267.0
2020-12-26,2330014.0,32392.0,89820.0,616.0,,,,,68179267.0
2020-12-27,2344433.0,14419.0,90475.0,655.0,,,,,68179267.0
2020-12-28,2385543.0,41110.0,91166.0,691.0,,,,,68179267.0
2020-12-29,2434063.0,48520.0,91883.0,717.0,,,,,68179267.0
2020-12-30,2480471.0,46408.0,92605.0,722.0,,,,,68179267.0
2020-12-31,2563561.0,83090.0,93317.0,712.0,,,,,68179267.0
2021-01-01,2635722.0,72161.0,94077.0,760.0,,,,,68179267.0
2021-01-02,2689669.0,53947.0,94899.0,822.0,,,,,68179267.0
2021-01-03,2722151.0,32482.0,95706.0,807.0,,,,,68179267.0
2021-01-04,2783805.0,61654.0,96538.0,832.0,,,,,68179267.0
2021-01-05,2840140.0,56335.0,97344.0,806.0,,,,,68179267.0
2021-01-06,2918112.0,77972.0,98240.0,896.0,,,,,68179267.0
2021-01-07,2984750.0,66638.0,99213.0,973.0,,,,,68179267.0
2021-01-08,3043534.0,58784.0,100226.0,1013.0,,,,,68179267.0
2021-01-09,3096721.0,53187.0,101279.0,1053.0,,,,,68179267.0
2021-01-10,3144826.0,48105.0,102331.0,1052.0,2677971.0,,2286572.0,391399.0,68179267.0
2021-01-11,3184861.0,40035.0,103422.0,1091.0,2843815.0,165844.0,2431648.0,412167.0,68179267.0
2021-01-12,3222035.0,37174.0,104594.0,1172.0,3067541.0,223726.0,2639309.0,428232.0,68179267.0
2021-01-13,3280627.0,58592.0,105838.0,1244.0,3356229.0,288688.0,2918252.0,437977.0,68179267.0
2021-01-14,3331274.0,50647.0,107156.0,1318.0,3678180.0,321951.0,3234946.0,443234.0,68179267.0
2021-01-15,3377783.0,46509.0,108462.0,1306.0,4023705.0,345525.0,3576263.0,447442.0,68179267.0
2021-01-16,3421255.0,43472.0,109803.0,1341.0,4322456.0,298751.0,3872394.0,450062.0,68179267.0
2021-01-17,3462707.0,41452.0,111125.0,1322.0,4514802.0,192346.0,4062501.0,452301.0,68179267.0
2021-01-18,3493957.0,31250.0,112540.0,1415.0,4723443.0,208641.0,4266577.0,456866.0,68179267.0
2021-01-19,3523549.0,29592.0,113900.0,1360.0,5070365.0,346922.0,4609740.0,460625.0,68179267.0
2021-01-20,3569506.0,45957.0,115298.0,1398.0,5437284.0,366919.0,4973248.0,464036.0,68179267.0
2021-01-21,3610031.0,40525.0,116785.0,1487.0,5849899.0,412615.0,5383103.0,466796.0,68179267.0
2021-01-22,3646017.0,35986.0,118167.0,1382.0,6329968.0,480069.0,5861351.0,468617.0,68179267.0
2021-01-23,3678519.0,32502.0,119514.0,1347.0,6822981.0,493013.0,6353321.0,469660.0,68179267.0
2021-01-24,3708849.0,30330.0,120848.0,1334.0,7044048.0,221067.0,6573570.0,470478.0,68179267.0
2021-01-25,3731193.0,22344.0,122135.0,1287.0,7325773.0,281725.0,6853327.0,472446.0,68179267.0
2021-01-26,3748747.0,17554.0,123374.0,1239.0,7638543.0,312770.0,7164387.0,474156.0,68179267.0
2021-01-27,3779484.0,30737.0,124636.0,1262.0,7953250.0,314707.0,7476765.0,476485.0,68179267.0
2021-01-28,3807214.0,27730.0,125808.0,1172.0,8369438.0,416188.0,7891184.0,478254.0,68179267.0
2021-01-29,3833517.0,26303.0,127040.0,1232.0,8859372.0,489934.0,8378940.0,480432.0,68179267.0
2021-01-30,3858290.0,24773.0,128264.0,1224.0,9468382.0,609010.0,8977329.0,491053.0,68179267.0
2021-01-31,3880724.0,22434.0,129420.0,1156.0,9790576.0,322194.0,9296367.0,494209.0,68179267.0
2021-02-01,3897891.0,17167.0,130445.0,1025.0,10143511.0,352935.0,9646715.0,496796.0,68179267.0
2021-02-02,3913674.0,15783.0,131439.0,994.0,10520433.0,376922.0,10021471.0,498962.0,68179267.0
2021-02-03,3936646.0,22972.0,132442.0,1003.0,10992444.0,472011.0,10490487.0,501957.0,68179267.0
2021-02-04,3956911.0,20265.0,133404.0,962.0,11477040.0,484596.0,10971047.0,505993.0,68179267.0
2021-02-05,3976825.0,19914.0,134380.0,976.0,11975267.0,498227.0,11465210.0,510057.0,68179267.0
2021-02-06,3995318.0,18493.0,135206.0,826.0,12526737.0,551470.0,12015018.0,511719.0,68179267.0
2021-02-07,4011625.0,16307.0,136075.0,869.0,12806587.0,279850.0,12294006.0,512581.0,68179267.0
2021-02-08,4023945.0,12320.0,136862.0,787.0,13162878.0,356291.0,12646486.0,516392.0,68179267.0
2021-02-09,4035609.0,11664.0,137614.0,752.0,13577851.0,414973.0,13058298.0,519553.0,68179267.0
2021-02-10,4051803.0,16194.0,138393.0,779.0,14033555.0,455704.0,13509108.0,524447.0,68179267.0
2021-02-11,4066028.0,14225.0,139114.0,721.0,14542318.0,508763.0,14012224.0,530094.0,68179267.0
2021-02-12,4079927.0,13899.0,139825.0,711.0,15091696.0,549378.0,14556827.0,534869.0,68179267.0
2021-02-13,4093066.0,13139.0,140500.0,675.0,15599904.0,508208.0,15062189.0,537715.0,68179267.0
2021-02-14,4105639.0,12573.0,141135.0,635.0,15839781.0,239877.0,15300151.0,539630.0,68179267.0
2021-02-15,4114674.0,9035.0,141721.0,586.0,16122272.0,282491.0,15576107.0,546165.0,68179267.0
2021-02-16,4123669.0,8995.0,142323.0,602.0,16499549.0,377277.0,15940972.0,558577.0,68179267.0
2021-02-17,4138404.0,14735.0,142937.0,614.0,16996806.0,497257.0,16423082.0,573724.0,68179267.0
2021-02-18,4151343.0,12939.0,143505.0,568.0,17465128.0,468321.0,16875536.0,589591.0,68179267.0
2021-02-19,4163285.0,11942.0,144009.0,504.0,17852328.0,387200.0,17247442.0,604885.0,68179267.0
2021-02-20,4175078.0,11793.0,144530.0,521.0,18197268.0,344942.0,17582120.0,615148.0,68179267.0
2021-02-21,4185806.0,10728.0,144999.0,469.0,18348164.0,150896.0,17723840.0,624325.0,68179267.0
2021-02-22,4194119.0,8313.0,145451.0,452.0,18558968.0,210804.0,17916180.0,642788.0,68179267.0
2021-02-23,4202217.0,8098.0,145862.0,411.0,18911978.0,353009.0,18242872.0,669105.0,68179267.0
2021-02-24,4213874.0,11657.0,146240.0,378.0,19392552.0,480575.0,18691836.0,700718.0,68179267.0
2021-02-25,4223637.0,9763.0,146619.0,379.0,19913592.0,521039.0,19177556.0,736037.0,68179267.0
2021-02-26,4232484.0,8847.0,146985.0,366.0,20450858.0,537266.0,19682048.0,768810.0,68179267.0
2021-02-27,4240508.0,8024.0,147340.0,355.0,20885684.0,434825.0,20089552.0,796132.0,68179267.0
2021-02-28,4247290.0,6782.0,147643.0,303.0,21091268.0,205584.0,20275452.0,815816.0,68179267.0
2021-03-01,4252239.0,4949.0,147951.0,308.0,21322716.0,231450.0,20478620.0,844098.0,68179267.0
2021-03-02,4257112.0,4873.0,148231.0,280.0,21599028.0,276310.0,20703616.0,895412.0,68179267.0
2021-03-03,4264304.0,7192.0,148527.0,296.0,21946432.0,347406.0,20982572.0,963862.0,68179267.0
2021-03-04,4271222.0,6918.0,148770.0,243.0,22392884.0,446450.0,21358816.0,1034068.0,68179267.0
2021-03-05,4277394.0,6172.0,148988.0,218.0,22887118.0,494235.0,21796278.0,1090840.0,68179267.0
2021-03-06,4283331.0,5937.0,149222.0,234.0,23335514.0,448396.0,22213112.0,1122402.0,68179267.0
2021-03-07,4288798.0,5467.0,149444.0,222.0,23519898.0,184384.0,22377256.0,1142643.0,68179267.0
2021-03-08,4293426.0,4628.0,149653.0,209.0,23773960.0,254061.0,22592528.0,1181431.0,68179267.0
2021-03-09,4297836.0,4410.0,149850.0,197.0,24064182.0,290223.0,22809828.0,1254353.0,68179267.0
2021-03-10,4304726.0,6890.0,150047.0,197.0,24405232.0,341049.0,23053716.0,1351515.0,68179267.0
2021-03-11,4311214.0,6488.0,150231.0,184.0,24759604.0,354372.0,23314524.0,1445078.0,68179267.0
2021-03-12,4317464.0,6250.0,150392.0,161.0,25216856.0,457254.0,23684104.0,1532754.0,68179267.0
2021-03-13,4323397.0,5933.0,150565.0,173.0,25781120.0,564263.0,24196212.0,1584909.0,68179267.0
2021-03-14,4329114.0,5717.0,150700.0,135.0,26063500.0,282381.0,24453220.0,1610280.0,68179267.0
2021-03-15,4333495.0,4381.0,150835.0,135.0,26503552.0,440051.0,24839906.0,1663646.0,68179267.0
2021-03-16,4337920.0,4425.0,150973.0,138.0,27032672.0,529119.0,25273226.0,1759445.0,68179267.0
2021-03-17,4344623.0,6703.0,151112.0,139.0,27614526.0,581855.0,25735472.0,1879054.0,68179267.0
2021-03-18,4350486.0,5863.0,151226.0,114.0,28274802.0,660276.0,26263732.0,2011070.0,68179267.0
2021-03-19,4356464.0,5978.0,151353.0,127.0,29015456.0,740655.0,26878662.0,2136795.0,68179267.0
2021-03-20,4362096.0,5632.0,151453.0,100.0,29859742.0,844285.0,27630970.0,2228772.0,68179267.0
2021-03-21,4367276.0,5180.0,151557.0,104.0,30279360.0,419618.0,27997976.0,2281384.0,68179267.0
2021-03-22,4371523.0,4247.0,151658.0,101.0,30691556.0,412197.0,28327872.0,2363684.0,68179267.0
2021-03-23,4376913.0,5390.0,151785.0,127.0,31186362.0,494805.0,28653524.0,2532839.0,68179267.0
2021-03-24,4383372.0,6459.0,151892.0,107.0,31766668.0,580307.0,28991188.0,2775481.0,68179267.0
2021-03-25,4388856.0,5484.0,151987.0,95.0,32325992.0,559324.0,29316130.0,3009863.0,68179267.0
2021-03-26,4395080.0,6224.0,152057.0,70.0,33020952.0,694959.0,29727436.0,3293517.0,68179267.0
2021-03-27,4400696.0,5616.0,152136.0,79.0,33684110.0,663162.0,30151736.0,3532378.0,68179267.0
2021-03-28,4405263.0,4567.0,152211.0,75.0,34125256.0,441142.0,30445284.0,3679972.0,68179267.0
2021-03-29,4408994.0,3731.0,152276.0,65.0,34530296.0,405039.0,30682092.0,3848202.0,68179267.0
2021-03-30,4414024.0,5030.0,152326.0,50.0,35033896.0,503599.0,30908010.0,4125884.0,68179267.0
2021-03-31,4418220.0,4196.0,152397.0,71.0,35660904.0,627008.0,31147444.0,4513458.0,68179267.0
2021-04-01,4421999.0,3779.0,152453.0,56.0,36277136.0,616234.0,31318262.0,4958874.0,68179267.0
2021-04-02,4425965.0,3966.0,152526.0,73.0,36631188.0,354051.0,31425682.0,5205505.0,68179267.0
2021-04-03,4429639.0,3674.0,152589.0,63.0,36917984.0,286799.0,31533568.0,5384418.0,68179267.0
2021-04-04,4432386.0,2747.0,152639.0,50.0,37013748.0,95763.0,31581624.0,5432126.0,68179267.0
2021-04-05,4434894.0,2508.0,152681.0,42.0,37119084.0,105334.0,31622368.0,5496716.0,68179267.0
2021-04-06,4437306.0,2412.0,152734.0,53.0,37391104.0,272020.0,31707594.0,5683509.0,68179267.0
2021-04-07,4440050.0,2744.0,152779.0,45.0,37899028.0,507926.0,31807124.0,6091905.0,68179267.0
2021-04-08,4443363.0,3313.0,152824.0,45.0,38444540.0,545511.0,31903366.0,6541174.0,68179267.0
2021-04-09,4446616.0,3253.0,152870.0,46.0,39001550.0,557014.0,32010244.0,6991310.0,68179267.0
2021-04-10,4449763.0,3147.0,152931.0,61.0,39587892.0,586339.0,32121352.0,7466540.0,68179267.0
2021-04-11,4452716.0,2953.0,152969.0,38.0,39846780.0,258888.0,32190576.0,7656205.0,68179267.0
2021-04-12,4455096.0,2380.0,153012.0,43.0,40107876.0,261096.0,32250480.0,7857396.0,68179267.0
2021-04-13,4457472.0,2376.0,153053.0,41.0,40496684.0,388808.0,32326604.0,8170081.0,68179267.0
2021-04-14,4460353.0,2881.0,153091.0,38.0,40958304.0,461618.0,32444440.0,8513864.0,68179267.0
2021-04-15,4462848.0,2495.0,153138.0,47.0,41505770.0,547465.0,32574220.0,8931547.0,68179267.0
2021-04-16,4465360.0,2512.0,153173.0,35.0,42140988.0,635221.0,32709778.0,9431211.0,68179267.0
2021-04-17,4467705.0,2345.0,153216.0,43.0,42780068.0,639080.0,32849224.0,9930846.0,68179267.0
2021-04-18,4470052.0,2347.0,153248.0,32.0,43084490.0,304418.0,32932448.0,10152039.0,68179267.0
2021-04-19,4471774.0,1722.0,153290.0,42.0,43457910.0,373423.0,33032120.0,10425790.0,68179267.0
2021-04-20,4474358.0,2584.0,153321.0,31.0,43915560.0,457649.0,33139742.0,10775817.0,68179267.0
2021-04-21,4477096.0,2738.0,153343.0,22.0,44450252.0,534693.0,33257652.0,11192601.0,68179267.0
2021-04-22,4479637.0,2541.0,153378.0,35.0,45012308.0,562056.0,33388636.0,11623671.0,68179267.0
2021-04-23,4482345.0,2708.0,153414.0,36.0,45613108.0,600801.0,33524424.0,12088686.0,68179267.0
2021-04-24,4484754.0,2409.0,153447.0,33.0,46309510.0,696403.0,33673190.0,12636322.0,68179267.0
2021-04-25,4486774.0,2020.0,153476.0,29.0,46650010.0,340496.0,33752884.0,12897123.0,68179267.0
2021-04-26,4488338.0,1564.0,153500.0,24.0,47045390.0,395383.0,33843580.0,13201811.0,68179267.0
2021-04-27,4490457.0,2119.0,153527.0,27.0,47540984.0,495593.0,33959908.0,13581076.0,68179267.0
2021-04-28,4493083.0,2626.0,153548.0,21.0,48138010.0,597025.0,34094050.0,14043961.0,68179267.0
2021-04-29,4495261.0,2178.0,153573.0,25.0,48752144.0,614135.0,34216616.0,14535528.0,68179267.0
2021-04-30,4497760.0,2499.0,153594.0,21.0,49319520.0,567374.0,34362204.0,14957313.0,68179267.0
2021-05-01,4499990.0,2230.0,153611.0,17.0,49834996.0,515479.0,34505380.0,15329617.0,68179267.0
2021-05-02,4501815.0,1825.0,153627.0,16.0,50097812.0,262815.0,34595304.0,15502508.0,68179267.0
2021-05-03,4503248.0,1433.0,153643.0,16.0,50297910.0,200099.0,34667904.0,15630007.0,68179267.0
2021-05-04,4504769.0,1521.0,153662.0,19.0,50682570.0,384656.0,34795070.0,15887493.0,68179267.0
2021-05-05,4506853.0,2084.0,153679.0,17.0,51225890.0,543323.0,34934172.0,16291719.0,68179267.0
2021-05-06,4509406.0,2553.0,153694.0,15.0,51834360.0,608471.0,35069640.0,16764720.0,68179267.0
2021-05-07,4511975.0,2569.0,153716.0,22.0,52433184.0,598823.0,35202640.0,17230542.0,68179267.0
2021-05-08,4514301.0,2326.0,153733.0,17.0,53041050.0,607864.0,35371668.0,17669380.0,68179267.0
2021-05-09,4516283.0,1982.0,153751.0,18.0,53328844.0,287797.0,35472296.0,17856550.0,68179267.0
2021-05-10,4517892.0,1609.0,153771.0,20.0,53675732.0,346888.0,35587348.0,18088384.0,68179267.0
2021-05-11,4520199.0,2307.0,153782.0,11.0,54160990.0,485260.0,35722460.0,18438532.0,68179267.0
2021-05-12,4523008.0,2809.0,153790.0,8.0,54797640.0,636647.0,35906670.0,18890968.0,68179267.0
2021-05-13,4525337.0,2329.0,153811.0,21.0,55434964.0,637325.0,36115956.0,19319010.0,68179267.0
2021-05-14,4527672.0,2335.0,153826.0,15.0,56048436.0,613470.0,36336024.0,19712412.0,68179267.0
2021-05-15,4529854.0,2182.0,153841.0,15.0,56677012.0,628577.0,36573350.0,20103658.0,68179267.0
2021-05-16,4531792.0,1938.0,153855.0,14.0,56992076.0,315063.0,36704670.0,20287404.0,68179267.0
2021-05-17,4533420.0,1628.0,153870.0,15.0,57357856.0,365782.0,36811404.0,20546452.0,68179267.0
2021-05-18,4535343.0,1923.0,153884.0,14.0,57855960.0,498101.0,36985504.0,20870452.0,68179267.0
2021-05-19,4538201.0,2858.0,153897.0,13.0,58489830.0,633876.0,37250364.0,21239472.0,68179267.0
2021-05-20,4541013.0,2812.0,153908.0,11.0,59178396.0,688563.0,37518616.0,21659784.0,68179267.0
2021-05-21,4543826.0,2813.0,153912.0,4.0,59824736.0,646340.0,37738270.0,22086466.0,68179267.0
2021-05-22,4546343.0,2517.0,153919.0,7.0,60587096.0,762361.0,37943680.0,22643416.0,68179267.0
2021-05-23,4548710.0,2367.0,153937.0,18.0,60965590.0,378496.0,38070040.0,22895556.0,68179267.0
2021-05-24,4550710.0,2000.0,153941.0,4.0,61420930.0,455334.0,38192416.0,23228512.0,68179267.0
2021-05-25,4553036.0,2326.0,153957.0,16.0,61995064.0,574134.0,38378564.0,23616498.0,68179267.0
2021-05-26,4556405.0,3369.0,153973.0,16.0,62658640.0,663577.0,38614684.0,24043956.0,68179267.0
2021-05-27,4559832.0,3427.0,153984.0,11.0,63349252.0,690613.0,38871200.0,24478052.0,68179267.0
2021-05-28,4563754.0,3922.0,153998.0,14.0,63989644.0,640393.0,39075640.0,24914004.0,68179267.0
2021-05-29,4567501.0,3747.0,154006.0,8.0,64592020.0,602374.0,39259170.0,25332852.0,68179267.0
2021-05-30,4571090.0,3589.0,154020.0,14.0,64923228.0,331209.0,39384056.0,25539172.0,68179267.0
2021-05-31,4574090.0,3000.0,154032.0,12.0,65211876.0,288649.0,39477160.0,25734720.0,68179267.0
2021-06-01,4577254.0,3164.0,154041.0,9.0,65658948.0,447072.0,39585664.0,26073284.0,68179267.0
2021-06-02,4581151.0,3897.0,154052.0,11.0,66180732.0,521782.0,39758428.0,26422304.0,68179267.0
2021-06-03,4586582.0,5431.0,154062.0,10.0,66749640.0,568907.0,39949696.0,26799944.0,68179267.0
2021-06-04,4592750.0,6168.0,154074.0,12.0,67317590.0,567955.0,40129616.0,27187976.0,68179267.0
2021-06-05,4599008.0,6258.0,154090.0,16.0,67994584.0,676991.0,40333230.0,27661352.0,68179267.0
2021-06-06,4604869.0,5861.0,154104.0,14.0,68381870.0,387286.0,40460576.0,27921294.0,68179267.0
2021-06-07,4609600.0,4731.0,154111.0,7.0,68800880.0,419009.0,40573516.0,28227362.0,68179267.0
2021-06-08,4615134.0,5534.0,154124.0,13.0,69251160.0,450284.0,40710320.0,28540844.0,68179267.0
2021-06-09,4623080.0,7946.0,154130.0,6.0,69743980.0,492817.0,40886880.0,28857102.0,68179267.0
2021-06-10,4630976.0,7896.0,154145.0,15.0,70253624.0,509645.0,41088484.0,29165140.0,68179267.0
2021-06-11,4639186.0,8210.0,154162.0,17.0,70769340.0,515723.0,41297016.0,29472332.0,68179267.0
2021-06-12,4647229.0,8043.0,154178.0,16.0,71343860.0,574511.0,41551200.0,29792658.0,68179267.0
2021-06-13,4654848.0,7619.0,154191.0,13.0,71672210.0,328349.0,41698428.0,29973780.0,68179267.0
2021-06-14,4661132.0,6284.0,154203.0,12.0,72040760.0,368555.0,41831056.0,30209708.0,68179267.0
2021-06-15,4668267.0,7135.0,154215.0,12.0,72461464.0,420699.0,42021090.0,30440372.0,68179267.0
2021-06-16,4678629.0,10362.0,154228.0,13.0,72891864.0,430399.0,42216656.0,30675208.0,68179267.0
2021-06-17,4689429.0,10800.0,154249.0,21.0,73359096.0,467238.0,42460630.0,30898468.0,68179267.0
2021-06-18,4700481.0,11052.0,154265.0,16.0,73787920.0,428817.0,42683772.0,31104144.0,68179267.0
2021-06-19,4711587.0,11106.0,154274.0,9.0,74304520.0,516604.0,42964012.0,31340508.0,68179267.0
2021-06-20,4721907.0,10320.0,154291.0,17.0,74577680.0,273158.0,43127764.0,31449916.0,68179267.0
2021-06-21,4730354.0,8447.0,154311.0,20.0,74638080.0,60405.0,43148844.0,31489240.0,68179267.0
2021-06-22,4740441.0,10087.0,154333.0,22.0,75188790.0,550712.0,43448680.0,31740116.0,68179267.0
2021-06-23,4756749.0,16308.0,154346.0,13.0,75564430.0,375635.0,43656330.0,31908104.0,68179267.0
2021-06-24,4774151.0,17402.0,154364.0,18.0,75963780.0,399347.0,43877860.0,32085916.0,68179267.0
2021-06-25,4792502.0,18351.0,154373.0,9.0,76341040.0,377267.0,44080360.0,32260686.0,68179267.0
2021-06-26,4811216.0,18714.0,154402.0,29.0,76774990.0,433946.0,44314800.0,32460192.0,68179267.0
2021-06-27,4829385.0,18169.0,154424.0,22.0,77038260.0,263267.0,44454510.0,32583746.0,68179267.0
2021-06-28,4845686.0,16301.0,154441.0,17.0,77303540.0,265276.0,44581772.0,32721762.0,68179267.0
2021-06-29,4864188.0,18502.0,154465.0,24.0,77592210.0,288679.0,44719760.0,32872450.0,68179267.0
2021-06-30,4892606.0,28418.0,154483.0,18.0,77909176.0,316965.0,44860976.0,33048200.0,68179267.0
2021-07-01,4920805.0,28199.0,154507.0,24.0,78254770.0,345591.0,45013504.0,33241264.0,68179267.0
2021-07-02,4949728.0,28923.0,154533.0,26.0,78555850.0,301083.0,45137108.0,33418744.0,68179267.0
2021-07-03,4978522.0,28794.0,154561.0,28.0,78889450.0,333598.0,45274496.0,33614950.0,68179267.0
2021-07-04,5004861.0,26339.0,154592.0,31.0,79078080.0,188632.0,45351720.0,33726360.0,68179267.0
2021-07-05,5028871.0,24010.0,154623.0,31.0,79302856.0,224776.0,45428680.0,33874176.0,68179267.0
2021-07-06,5054041.0,25170.0,154653.0,30.0,79541790.0,238937.0,45514492.0,34027304.0,68179267.0
2021-07-07,5088960.0,34919.0,154680.0,27.0,79800220.0,258430.0,45601444.0,34198780.0,68179267.0
2021-07-08,5125020.0,36060.0,154715.0,35.0,80072120.0,271897.0,45697876.0,34374250.0,68179267.0
2021-07-09,5163617.0,38597.0,154750.0,35.0,80341020.0,268902.0,45787960.0,34553064.0,68179267.0
2021-07-10,5197637.0,34020.0,154792.0,42.0,80646230.0,305209.0,45881720.0,34764510.0,68179267.0
2021-07-11,5230441.0,32804.0,154845.0,53.0,80795860.0,149620.0,45923720.0,34872132.0,68179267.0
2021-07-12,5258820.0,28379.0,154890.0,45.0,80975500.0,179656.0,45978016.0,34997492.0,68179267.0
2021-07-13,5289323.0,30503.0,154925.0,35.0,81192856.0,217349.0,46037090.0,35155770.0,68179267.0
2021-07-14,5333834.0,44511.0,154967.0,42.0,81438900.0,246035.0,46097464.0,35341428.0,68179267.0
2021-07-15,5381541.0,47707.0,155017.0,50.0,81702460.0,263574.0,46159144.0,35543320.0,68179267.0
2021-07-16,5436451.0,54910.0,155064.0,47.0,81974270.0,271805.0,46228636.0,35745636.0,68179267.0
2021-07-17,5498451.0,62000.0,155118.0,54.0,82266700.0,292431.0,46295852.0,35970850.0,68179267.0
2021-07-18,5553715.0,55264.0,155173.0,55.0,82413770.0,147064.0,46314040.0,36099730.0,68179267.0
2021-07-19,5592191.0,38476.0,155232.0,59.0,82592990.0,179230.0,46349708.0,36243290.0,68179267.0
2021-07-20,5628373.0,36182.0,155304.0,72.0,82793310.0,200314.0,46388744.0,36404570.0,68179267.0
2021-07-21,5676297.0,47924.0,155391.0,87.0,83021750.0,228439.0,46433844.0,36587904.0,68179267.0
2021-07-22,5716173.0,39876.0,155459.0,68.0,83254080.0,232333.0,46477880.0,36776200.0,68179267.0
2021-07-23,5751721.0,35548.0,155519.0,60.0,83486400.0,232315.0,46520856.0,36965544.0,68179267.0
2021-07-24,5782999.0,31278.0,155605.0,86.0,83734090.0,247691.0,46564660.0,37169428.0,68179267.0
2021-07-25,5810816.0,27817.0,155688.0,83.0,83876590.0,142507.0,46589212.0,37287384.0,68179267.0
2021-07-26,5833668.0,22852.0,155756.0,68.0,84055550.0,178955.0,46619230.0,37436320.0,68179267.0
2021-07-27,5855855.0,22187.0,155829.0,73.0,84242600.0,187052.0,46654630.0,37587970.0,68179267.0
2021-07-28,5885836.0,29981.0,155908.0,79.0,84457624.0,215020.0,46698480.0,37759144.0,68179267.0
2021-07-29,5915418.0,29582.0,155984.0,76.0,84679896.0,222271.0,46740830.0,37939060.0,68179267.0
2021-07-30,5945655.0,30237.0,156068.0,84.0,84887710.0,207820.0,46777556.0,38110156.0,68179267.0
2021-07-31,5974087.0,28432.0,156156.0,88.0,85138550.0,250840.0,46816384.0,38322172.0,68179267.0
2021-08-01,5998836.0,24749.0,156261.0,105.0,85277830.0,139276.0,46837616.0,38440216.0,68179267.0
2021-08-02,6019406.0,20570.0,156352.0,91.0,85430110.0,152284.0,46863704.0,38566410.0,68179267.0
2021-08-03,6040391.0,20985.0,156449.0,97.0,85602160.0,172051.0,46892996.0,38709170.0,68179267.0
2021-08-04,6070231.0,29840.0,156541.0,92.0,85801170.0,199003.0,46926330.0,38874836.0,68179267.0
2021-08-05,6100704.0,30473.0,156621.0,80.0,86009360.0,208192.0,46961830.0,39047530.0,68179267.0
2021-08-06,6133042.0,32338.0,156713.0,92.0,86214690.0,205332.0,46998810.0,39215884.0,68179267.0
2021-08-07,6164702.0,31660.0,156814.0,101.0,86466264.0,251573.0,47036796.0,39429468.0,68179267.0
2021-08-08,6192737.0,28035.0,156912.0,98.0,86611176.0,144913.0,47059640.0,39551536.0,68179267.0
2021-08-09,6215277.0,22540.0,157018.0,106.0,86780456.0,169278.0,47091890.0,39688570.0,68179267.0
2021-08-10,6238164.0,22887.0,157101.0,83.0,86969110.0,188654.0,47129400.0,39839708.0,68179267.0
2021-08-11,6270326.0,32162.0,157185.0,84.0,87184440.0,215329.0,47170970.0,40013470.0,68179267.0
2021-08-12,6301844.0,31518.0,157270.0,85.0,87421384.0,236943.0,47215350.0,40206028.0,68179267.0
2021-08-13,6335194.0,33350.0,157358.0,88.0,87633460.0,212075.0,47255840.0,40377616.0,68179267.0
2021-08-14,6366920.0,31726.0,157464.0,106.0,87879640.0,246187.0,47302444.0,40577200.0,68179267.0
2021-08-15,6395894.0,28974.0,157562.0,98.0,88037280.0,157640.0,47333704.0,40703580.0,68179267.0
2021-08-16,6420951.0,25057.0,157665.0,103.0,88211390.0,174106.0,47369416.0,40841972.0,68179267.0
2021-08-17,6446278.0,25327.0,157756.0,91.0,88401090.0,189699.0,47413240.0,40987850.0,68179267.0
2021-08-18,6483185.0,36907.0,157845.0,89.0,88617590.0,216507.0,47460530.0,41157068.0,68179267.0
2021-08-19,6521105.0,37920.0,157947.0,102.0,88848630.0,231038.0,47516504.0,41332130.0,68179267.0
2021-08-20,6559844.0,38739.0,158058.0,111.0,89076910.0,228277.0,47577390.0,41499520.0,68179267.0
2021-08-21,6596345.0,36501.0,158173.0,115.0,89344800.0,267887.0,47650396.0,41694400.0,68179267.0
2021-08-22,6628576.0,32231.0,158300.0,127.0,89501496.0,156697.0,47690740.0,41810750.0,68179267.0
2021-08-23,6657112.0,28536.0,158416.0,116.0,89679176.0,177684.0,47737144.0,41942036.0,68179267.0
2021-08-24,6685855.0,28743.0,158544.0,128.0,89865260.0,186086.0,47792550.0,42072710.0,68179267.0
2021-08-25,6725570.0,39715.0,158664.0,120.0,90095050.0,229781.0,47860628.0,42234416.0,68179267.0
2021-08-26,6763252.0,37682.0,158782.0,118.0,90295120.0,200076.0,47915770.0,42379350.0,68179267.0
2021-08-27,6802029.0,38777.0,158888.0,106.0,90471510.0,176393.0,47960704.0,42510810.0,68179267.0
2021-08-28,6839642.0,37613.0,159013.0,125.0,90648470.0,176959.0,48003976.0,42644496.0,68179267.0
2021-08-29,6873387.0,33745.0,159152.0,139.0,90752300.0,103830.0,48028370.0,42723936.0,68179267.0
2021-08-30,6900988.0,27601.0,159286.0,134.0,90838590.0,86291.0,48048010.0,42790584.0,68179267.0
2021-08-31,6927124.0,26136.0,159425.0,139.0,90997896.0,159301.0,48087908.0,42909988.0,68179267.0
2021-09-01,6961898.0,34774.0,159533.0,108.0,91155370.0,157473.0,48131996.0,43023372.0,68179267.0
2021-09-02,7007110.0,45212.0,159661.0,128.0,91314744.0,159377.0,48172000.0,43142748.0,68179267.0
2021-09-03,7050642.0,43532.0,159786.0,125.0,91460600.0,145856.0,48207264.0,43253336.0,68179267.0
2021-09-04,7092970.0,42328.0,159922.0,136.0,91630210.0,169607.0,48248320.0,43381890.0,68179267.0
2021-09-05,7131603.0,38633.0,160073.0,151.0,91725200.0,94988.0,48270110.0,43455084.0,68179267.0
2021-09-06,7163413.0,31810.0,160218.0,145.0,91827910.0,102713.0,48292812.0,43535096.0,68179267.0
2021-09-07,7195216.0,31803.0,160381.0,163.0,91940380.0,112472.0,48319436.0,43620944.0,68179267.0
2021-09-08,7240145.0,44929.0,160538.0,157.0,92053470.0,113091.0,48344570.0,43708904.0,68179267.0
2021-09-09,7278764.0,38619.0,160703.0,165.0,92175950.0,122476.0,48370340.0,43805610.0,68179267.0
2021-09-10,7314613.0,35849.0,160846.0,143.0,92293820.0,117875.0,48396404.0,43897420.0,68179267.0
2021-09-11,7348587.0,33974.0,161026.0,180.0,92419790.0,125972.0,48424316.0,43995480.0,68179267.0
2021-09-12,7377774.0,29187.0,161176.0,150.0,92487370.0,67570.0,48439270.0,44048092.0,68179267.0
2021-09-13,7401307.0,23533.0,161321.0,145.0,92567450.0,80081.0,48458700.0,44108744.0,68179267.0
2021-09-14,7425367.0,24060.0,161462.0,141.0,92651816.0,84370.0,48476344.0,44175470.0,68179267.0
2021-09-15,7460025.0,34658.0,161580.0,118.0,92739500.0,87692.0,48500748.0,44238760.0,68179267.0
2021-09-16,7491460.0,31435.0,161750.0,170.0,92826530.0,87024.0,48523800.0,44302736.0,68179267.0
2021-09-17,7521874.0,30414.0,161918.0,168.0,92907700.0,81162.0,48544576.0,44363120.0,68179267.0
2021-09-18,7551584.0,29710.0,162080.0,162.0,93006390.0,98695.0,48570776.0,44435616.0,68179267.0
2021-09-19,7581063.0,29479.0,162264.0,184.0,93055384.0,48997.0,48584616.0,44470772.0,68179267.0
2021-09-20,7607708.0,26645.0,162401.0,137.0,93121880.0,66492.0,48604764.0,44517110.0,68179267.0
2021-09-21,7638792.0,31084.0,162538.0,137.0,93185660.0,63790.0,48625148.0,44560520.0,68179267.0
2021-09-22,7679560.0,40768.0,162697.0,159.0,93252390.0,66726.0,48647828.0,44604570.0,68179267.0
2021-09-23,7718408.0,38848.0,162836.0,139.0,93322060.0,69671.0,48672910.0,44649156.0,68179267.0
2021-09-24,7755164.0,36756.0,162994.0,158.0,93394440.0,72376.0,48700530.0,44693910.0,68179267.0
2021-09-25,7791015.0,35851.0,163143.0,149.0,93465860.0,71414.0,48724824.0,44741030.0,68179267.0
2021-09-26,7823123.0,32108.0,163282.0,139.0,93507380.0,41523.0,48740810.0,44766572.0,68179267.0
2021-09-27,7851690.0,28567.0,163409.0,127.0,93565470.0,58096.0,48765730.0,44799748.0,68179267.0
2021-09-28,7883773.0,32083.0,163520.0,111.0,93630856.0,65385.0,48797580.0,44833280.0,68179267.0
2021-09-29,7925362.0,41589.0,163647.0,127.0,93696490.0,65632.0,48829120.0,44867372.0,68179267.0
2021-09-30,7961910.0,36548.0,163768.0,121.0,94633520.0,937033.0,48863490.0,44901830.0,68179267.0
2021-10-01,7996747.0,34837.0,163909.0,141.0,94859900.0,226381.0,48901670.0,44936120.0,68179267.0
2021-10-02,8029351.0,32604.0,164038.0,129.0,95119820.0,259918.0,48932736.0,44970510.0,68179267.0
2021-10-03,8058409.0,29058.0,164177.0,139.0,95254990.0,135173.0,48956860.0,44992044.0,68179267.0
2021-10-04,8084725.0,26316.0,164294.0,117.0,95445880.0,190885.0,48994530.0,45021380.0,68179267.0
2021-10-05,8116784.0,32059.0,164400.0,106.0,95671900.0,226019.0,49035876.0,45049950.0,68179267.0
2021-10-06,8160517.0,43733.0,164513.0,113.0,95895400.0,223501.0,49068704.0,45078530.0,68179267.0
2021-10-07,8199796.0,39279.0,164648.0,135.0,96134710.0,239314.0,49101736.0,45107184.0,68179267.0
2021-10-08,8239060.0,39264.0,164762.0,114.0,96369390.0,234681.0,49133420.0,45136252.0,68179267.0
2021-10-09,8277525.0,38465.0,164895.0,133.0,96685080.0,315681.0,49164816.0,45169730.0,68179267.0
2021-10-10,8313137.0,35612.0,165017.0,122.0,96820110.0,135033.0,49186920.0,45189180.0,68179267.0
2021-10-11,8345443.0,32306.0,165138.0,121.0,96997450.0,177340.0,49216092.0,45212812.0,68179267.0
2021-10-12,8381861.0,36418.0,165252.0,114.0,97224560.0,227111.0,49252940.0,45239760.0,68179267.0
2021-10-13,8432165.0,50304.0,165390.0,138.0,97754590.0,530030.0,49291664.0,45269240.0,68179267.0
2021-10-14,8480486.0,48321.0,165526.0,136.0,98065090.0,310497.0,49335150.0,45297230.0,68179267.0
2021-10-15,8528261.0,47775.0,165663.0,137.0,98356170.0,291083.0,49375916.0,45326664.0,68179267.0
2021-10-16,8574680.0,46419.0,165824.0,161.0,98724856.0,368682.0,49404916.0,45360144.0,68179267.0
2021-10-17,8618240.0,43560.0,165964.0,140.0,98877980.0,153134.0,49422750.0,45377412.0,68179267.0
2021-10-18,8656118.0,37878.0,166114.0,150.0,99119440.0,241456.0,49462424.0,45400990.0,68179267.0
2021-10-19,8699870.0,43752.0,166255.0,141.0,99427180.0,307744.0,49505330.0,45433756.0,68179267.0
2021-10-20,8757613.0,57743.0,166394.0,139.0,99759730.0,332539.0,49554410.0,45460120.0,68179267.0
2021-10-21,8810142.0,52529.0,166536.0,142.0,100447480.0,687752.0,49603140.0,45486950.0,68179267.0
2021-10-22,8861803.0,51661.0,166690.0,154.0,100818584.0,371105.0,49649388.0,45513120.0,68179267.0
2021-10-23,8906997.0,45194.0,166854.0,164.0,101259340.0,440764.0,49689480.0,45543364.0,68179267.0
2021-10-24,8947661.0,40664.0,167004.0,150.0,101473680.0,214334.0,49715228.0,45561444.0,68179267.0
2021-10-25,8982764.0,35103.0,167176.0,172.0,101777930.0,304247.0,49753036.0,45582892.0,68179267.0
2021-10-26,9018528.0,35764.0,167343.0,167.0,102106510.0,328582.0,49794120.0,45605920.0,68179267.0
2021-10-27,9065994.0,47466.0,167492.0,149.0,102461680.0,355173.0,49838200.0,45627500.0,68179267.0
2021-10-28,9108118.0,42124.0,167670.0,178.0,102827760.0,366081.0,49882904.0,45651224.0,68179267.0
2021-10-29,9151163.0,43045.0,167847.0,177.0,103176240.0,348474.0,49923870.0,45673500.0,68179267.0
2021-10-30,9192553.0,41390.0,168046.0,199.0,103610104.0,433867.0,49959924.0,45698904.0,68179267.0
2021-10-31,9232804.0,40251.0,168231.0,185.0,103814904.0,204800.0,49987324.0,45712350.0,68179267.0
2021-11-01,9266373.0,33569.0,168396.0,165.0,104112760.0,297852.0,50025020.0,45731564.0,68179267.0
2021-11-02,9301187.0,34814.0,168591.0,195.0,104477010.0,364255.0,50071684.0,45752490.0,68179267.0
2021-11-03,9346296.0,45109.0,168781.0,190.0,104896056.0,419041.0,50112924.0,45770452.0,68179267.0
2021-11-04,9384315.0,38019.0,168946.0,165.0,105294664.0,398611.0,50156656.0,45790936.0,68179267.0
2021-11-05,9420301.0,35986.0,169130.0,184.0,105683490.0,388827.0,50200148.0,45813570.0,68179267.0
2021-11-06,9453963.0,33662.0,169299.0,169.0,106167624.0,484130.0,50236896.0,45838068.0,68179267.0
2021-11-07,9484281.0,30318.0,169465.0,166.0,106417950.0,250335.0,50262736.0,45852676.0,68179267.0
2021-11-08,9511717.0,27436.0,169635.0,170.0,106749460.0,331498.0,50296296.0,45873040.0,68179267.0
2021-11-09,9542303.0,30586.0,169795.0,160.0,107150780.0,401329.0,50336130.0,45894236.0,68179267.0
2021-11-10,9586429.0,44126.0,169956.0,161.0,107849976.0,699192.0,50455320.0,45942004.0,68179267.0
2021-11-11,9628675.0,42246.0,170113.0,157.0,108279830.0,429857.0,50491700.0,45964490.0,68179267.0
2021-11-12,9671617.0,42942.0,170281.0,168.0,108693990.0,414160.0,50526040.0,45986536.0,68179267.0
2021-11-13,9712616.0,40999.0,170439.0,158.0,109213830.0,519837.0,50559570.0,46010860.0,68179267.0
2021-11-14,9750379.0,37763.0,170584.0,145.0,109471170.0,257335.0,50582504.0,46027908.0,68179267.0
2021-11-15,9783264.0,32885.0,170736.0,152.0,109807850.0,336683.0,50614550.0,46045964.0,68179267.0
2021-11-16,9818796.0,35532.0,170870.0,134.0,110206710.0,398862.0,50645980.0,46065840.0,68179267.0
2021-11-17,9869744.0,50948.0,171041.0,171.0,110646344.0,439633.0,50679070.0,46087960.0,68179267.0
2021-11-18,9916174.0,46430.0,171207.0,166.0,111082930.0,436587.0,50707950.0,46108610.0,68179267.0
2021-11-19,9962069.0,45895.0,171334.0,127.0,111495500.0,412575.0,50735036.0,46130216.0,68179267.0
2021-11-20,10006131.0,44062.0,171465.0,131.0,112008776.0,513270.0,50761050.0,46154410.0,68179267.0
2021-11-21,10045737.0,39606.0,171607.0,142.0,112277090.0,268311.0,50777470.0,46168300.0,68179267.0
2021-11-22,10081072.0,35335.0,171750.0,143.0,112627020.0,349941.0,50800732.0,46186816.0,68179267.0
2021-11-23,10118322.0,37250.0,171871.0,121.0,113041000.0,413976.0,50827550.0,46208820.0,68179267.0
2021-11-24,10169055.0,50733.0,172002.0,131.0,113467970.0,426964.0,50852132.0,46232256.0,68179267.0
2021-11-25,10217252.0,48197.0,172151.0,149.0,113910450.0,442483.0,50875710.0,46255080.0,68179267.0
2021-11-26,10264024.0,46772.0,172274.0,123.0,114321190.0,410741.0,50896024.0,46278744.0,68179267.0
2021-11-27,10307449.0,43425.0,172415.0,141.0,114842980.0,521785.0,50919830.0,46311612.0,68179267.0
2021-11-28,10346779.0,39330.0,172547.0,132.0,115179250.0,336273.0,50941330.0,46341056.0,68179267.0
2021-11-29,10380082.0,33303.0,172671.0,124.0,115546400.0,367154.0,50963720.0,46367148.0,68179267.0
2021-11-30,10419788.0,39706.0,172814.0,143.0,116001690.0,455285.0,50994256.0,46399304.0,68179267.0
2021-12-01,10476077.0,56289.0,172958.0,144.0,116467920.0,466235.0,51020284.0,46431664.0,68179267.0
2021-12-02,10531772.0,55695.0,173080.0,122.0,116945656.0,477734.0,51046132.0,46462640.0,68179267.0
2021-12-03,10586592.0,54820.0,173218.0,138.0,117387710.0,442053.0,51069396.0,46492450.0,68179267.0
2021-12-04,10636911.0,50319.0,173341.0,123.0,117917040.0,529328.0,51096310.0,46530250.0,68179267.0
2021-12-05,10682578.0,45667.0,173488.0,147.0,118256320.0,339286.0,51118264.0,46557412.0,68179267.0
2021-12-06,10721362.0,38784.0,173650.0,162.0,118630480.0,374156.0,51138244.0,46582424.0,68179267.0
2021-12-07,10762413.0,41051.0,173767.0,117.0,119073416.0,442937.0,51161756.0,46610800.0,68179267.0
2021-12-08,10822107.0,59694.0,173910.0,143.0,119539200.0,465782.0,51183456.0,46640236.0,68179267.0
2021-12-09,10878365.0,56258.0,174041.0,131.0,120066540.0,527342.0,51207496.0,46674060.0,68179267.0
2021-12-10,10937192.0,58827.0,174174.0,133.0,120549530.0,482986.0,51229560.0,46706024.0,68179267.0
2021-12-11,10994187.0,56995.0,174306.0,132.0,121165060.0,615528.0,51255850.0,46745010.0,68179267.0
2021-12-12,11046679.0,52492.0,174428.0,122.0,121616100.0,451044.0,51279170.0,46775200.0,68179267.0
2021-12-13,11095273.0,48594.0,174537.0,109.0,122178900.0,562800.0,51298840.0,46804610.0,68179267.0
2021-12-14,11148431.0,53158.0,174674.0,137.0,122907576.0,728681.0,51332920.0,46842496.0,68179267.0
2021-12-15,11235600.0,87169.0,174786.0,112.0,123719624.0,812044.0,51360988.0,46881292.0,68179267.0
2021-12-16,11338388.0,102788.0,174936.0,150.0,124656104.0,936480.0,51393664.0,46923788.0,68179267.0
2021-12-17,11451091.0,112703.0,175055.0,119.0,125583800.0,927697.0,51426550.0,46966070.0,68179267.0
2021-12-18,11557146.0,106055.0,175173.0,118.0,126608630.0,1024833.0,51464884.0,47011972.0,68179267.0
2021-12-19,11653043.0,95897.0,175304.0,131.0,127528150.0,919521.0,51498030.0,47051876.0,68179267.0
2021-12-20,11741926.0,88883.0,175411.0,107.0,128516860.0,988710.0,51537828.0,47102816.0,68179267.0
2021-12-21,11831059.0,89133.0,175526.0,115.0,129579570.0,1062705.0,51577784.0,47156900.0,68179267.0
2021-12-22,11965025.0,133966.0,175660.0,134.0,130512070.0,932501.0,51617092.0,47210052.0,68179267.0
2021-12-23,12115318.0,150293.0,175771.0,111.0,131194280.0,682212.0,51649696.0,47254100.0,68179267.0
2021-12-24,12276878.0,161560.0,175907.0,136.0,131388390.0,194107.0,51660464.0,47268068.0,68179267.0
2021-12-25,12437511.0,160633.0,176042.0,135.0,131400744.0,12352.0,51661420.0,47268984.0,68179267.0
2021-12-26,12574779.0,137268.0,176159.0,117.0,131427740.0,27002.0,51663356.0,47271068.0,68179267.0
2021-12-27,12645142.0,70363.0,176270.0,111.0,131743130.0,315382.0,51681548.0,47294776.0,68179267.0
2021-12-28,12761429.0,116287.0,176386.0,116.0,132121610.0,378480.0,51705410.0,47324308.0,68179267.0
2021-12-29,12956440.0,195011.0,176519.0,133.0,132633270.0,511666.0,51738012.0,47368070.0,68179267.0
2021-12-30,13168909.0,212469.0,176681.0,162.0,133108300.0,475032.0,51771384.0,47412180.0,68179267.0
2021-12-31,13441707.0,272798.0,176813.0,132.0,133312820.0,204514.0,51786770.0,47434252.0,68179267.0
2022-01-01,13678283.0,236576.0,176989.0,176.0,133336720.0,23907.0,51789044.0,47437010.0,68179267.0
2022-01-02,13866850.0,188567.0,177144.0,155.0,133477150.0,140425.0,51801496.0,47453496.0,68179267.0
2022-01-03,13985125.0,118275.0,177320.0,176.0,133667420.0,190278.0,51820652.0,47482788.0,68179267.0
2022-01-04,14166193.0,181068.0,177490.0,170.0,133956000.0,288577.0,51845520.0,47523676.0,68179267.0
2022-01-05,14396094.0,229901.0,177668.0,178.0,134274180.0,318172.0,51874548.0,47565340.0,68179267.0
2022-01-06,14671741.0,275647.0,177872.0,204.0,134563460.0,289285.0,51897290.0,47600028.0,68179267.0
2022-01-07,14893915.0,222174.0,178054.0,182.0,134844030.0,280569.0,51920710.0,47635656.0,68179267.0
2022-01-08,15066895.0,172980.0,178276.0,222.0,135162430.0,318409.0,51952400.0,47687370.0,68179267.0
2022-01-09,15187182.0,120287.0,178504.0,228.0,135357500.0,195060.0,51974604.0,47718730.0,68179267.0
2022-01-10,15280797.0,93615.0,178719.0,215.0,135551680.0,194177.0,51992560.0,47745456.0,68179267.0
2022-01-11,15376587.0,95790.0,178959.0,240.0,135739330.0,187650.0,52011836.0,47774250.0,68179267.0
2022-01-12,15509546.0,132959.0,179203.0,244.0,135915820.0,176492.0,52031356.0,47804588.0,68179267.0
2022-01-13,15624791.0,115245.0,179435.0,232.0,136080380.0,164567.0,52051876.0,47836784.0,68179267.0
2022-01-14,15728010.0,103219.0,179674.0,239.0,136244140.0,163764.0,52072750.0,47867970.0,68179267.0
2022-01-15,15824422.0,96412.0,179917.0,243.0,136438400.0,194251.0,52100164.0,47926016.0,68179267.0
2022-01-16,15910747.0,86325.0,180152.0,235.0,136554300.0,115912.0,52117864.0,47963132.0,68179267.0
2022-01-17,15988697.0,77950.0,180411.0,259.0,136669820.0,115517.0,52133612.0,47989636.0,68179267.0
2022-01-18,16086794.0,98097.0,180667.0,256.0,136792380.0,122554.0,52151644.0,48019068.0,68179267.0
2022-01-19,16218308.0,131514.0,180899.0,232.0,136906000.0,113612.0,52168590.0,48048960.0,68179267.0
2022-01-20,16337165.0,118857.0,181132.0,233.0,137022670.0,116683.0,52186400.0,48082636.0,68179267.0
2022-01-21,16448925.0,111760.0,181353.0,221.0,137145710.0,123034.0,52203930.0,48116670.0,68179267.0
2022-01-22,16549249.0,100324.0,181554.0,201.0,137287070.0,141366.0,52224308.0,48164436.0,68179267.0
2022-01-23,16640979.0,91730.0,181802.0,248.0,137372780.0,85700.0,52236576.0,48195144.0,68179267.0
2022-01-24,16722712.0,81733.0,182026.0,224.0,137474500.0,101715.0,52252580.0,48224976.0,68179267.0
2022-01-25,16825077.0,102365.0,182244.0,218.0,137570750.0,96266.0,52266516.0,48253770.0,68179267.0
2022-01-26,16952441.0,127364.0,182473.0,229.0,137671500.0,100741.0,52281870.0,48284684.0,68179267.0
2022-01-27,17065643.0,113202.0,182666.0,193.0,137770110.0,98610.0,52297580.0,48314630.0,68179267.0
2022-01-28,17174311.0,108668.0,182862.0,196.0,137878420.0,108307.0,52314530.0,48348570.0,68179267.0
2022-01-29,17270512.0,96201.0,183082.0,220.0,137991700.0,113276.0,52333470.0,48388896.0,68179267.0
2022-01-30,17354538.0,84026.0,183284.0,202.0,138064670.0,72984.0,52345160.0,48416496.0,68179267.0
2022-01-31,17428050.0,73512.0,183465.0,181.0,138143340.0,78666.0,52360490.0,48440772.0,68179267.0
2022-02-01,17515752.0,87702.0,183655.0,190.0,138220430.0,77086.0,52373224.0,48467140.0,68179267.0
2022-02-02,17620803.0,105051.0,183862.0,207.0,138299200.0,78777.0,52385690.0,48494416.0,68179267.0
2022-02-03,17714752.0,93949.0,184069.0,207.0,138377570.0,78355.0,52399030.0,48520510.0,68179267.0
2022-02-04,17803170.0,88418.0,184257.0,188.0,138459790.0,82228.0,52414184.0,48549696.0,68179267.0
2022-02-05,17879814.0,76644.0,184448.0,191.0,138540480.0,80687.0,52428976.0,48577890.0,68179267.0
2022-02-06,17943078.0,63264.0,184608.0,160.0,138585200.0,44731.0,52437296.0,48594496.0,68179267.0
2022-02-07,17995383.0,52305.0,184780.0,172.0,138650800.0,65594.0,52447404.0,48617356.0,68179267.0
2022-02-08,18055935.0,60552.0,184938.0,158.0,138718050.0,67245.0,52458210.0,48642076.0,68179267.0
2022-02-09,18132418.0,76483.0,185078.0,140.0,138785780.0,67724.0,52468730.0,48666800.0,68179267.0
2022-02-10,18202079.0,69661.0,185236.0,158.0,138857870.0,72107.0,52480344.0,48693092.0,68179267.0
2022-02-11,18266418.0,64339.0,185380.0,144.0,138937520.0,79650.0,52491420.0,48718976.0,68179267.0
2022-02-12,18318711.0,52293.0,185504.0,124.0,139019120.0,81592.0,52506600.0,48745284.0,68179267.0
2022-02-13,18363270.0,44559.0,185645.0,141.0,139059230.0,40117.0,52514096.0,48758908.0,68179267.0
2022-02-14,18400799.0,37529.0,185789.0,144.0,139117570.0,58329.0,52522200.0,48777080.0,68179267.0
2022-02-15,18442554.0,41755.0,185916.0,127.0,139203940.0,86375.0,52531292.0,48796560.0,68179267.0
2022-02-16,18497299.0,54745.0,186074.0,158.0,139271740.0,67808.0,52542210.0,48818476.0,68179267.0
2022-02-17,18549801.0,52502.0,186207.0,133.0,139336960.0,65210.0,52551460.0,48839852.0,68179267.0
2022-02-18,18601373.0,51572.0,186340.0,133.0,139383220.0,46264.0,52557344.0,48854550.0,68179267.0
2022-02-19,18646089.0,44716.0,186464.0,124.0,139447650.0,64425.0,52568120.0,48875330.0,68179267.0
2022-02-20,18679330.0,33241.0,186592.0,128.0,139482290.0,34636.0,52573588.0,48885892.0,68179267.0
2022-02-21,18713977.0,34647.0,186714.0,122.0,139534850.0,52573.0,52581000.0,48901900.0,68179267.0
2022-02-22,18751697.0,37720.0,186841.0,127.0,139591650.0,56800.0,52589292.0,48919804.0,68179267.0
2022-02-23,18796829.0,45132.0,186951.0,110.0,139648370.0,56718.0,52598276.0,48937756.0,68179267.0
2022-02-24,18836017.0,39188.0,187071.0,120.0,139698350.0,49977.0,52606240.0,48953590.0,68179267.0
2022-02-25,18872493.0,36476.0,187190.0,119.0,139752050.0,53694.0,52614348.0,48969964.0,68179267.0
2022-02-26,18903124.0,30631.0,187317.0,127.0,139809630.0,57591.0,52623820.0,48989616.0,68179267.0
2022-02-27,18930961.0,27837.0,187437.0,120.0,139840800.0,31157.0,52628660.0,49000224.0,68179267.0
2022-02-28,18956050.0,25089.0,187540.0,103.0,139884300.0,43518.0,52634450.0,49014524.0,68179267.0
2022-03-01,18987410.0,31360.0,187659.0,119.0,139927800.0,43493.0,52640256.0,49029530.0,68179267.0
2022-03-02,19032059.0,44649.0,187764.0,105.0,139973280.0,45484.0,52647704.0,49043936.0,68179267.0
2022-03-03,19076854.0,44795.0,187870.0,106.0,140027440.0,54159.0,52654052.0,49061570.0,68179267.0
2022-03-04,19123033.0,46179.0,188016.0,146.0,140075950.0,48500.0,52660740.0,49078130.0,68179267.0
2022-03-05,19166794.0,43761.0,188121.0,105.0,140128590.0,52648.0,52668908.0,49096936.0,68179267.0
2022-03-06,19208202.0,41408.0,188233.0,112.0,140156940.0,28355.0,52672970.0,49106830.0,68179267.0
2022-03-07,19246961.0,38759.0,188334.0,101.0,140194380.0,37439.0,52677564.0,49120350.0,68179267.0
2022-03-08,19295987.0,49026.0,188429.0,95.0,140233700.0,39314.0,52682130.0,49135010.0,68179267.0
2022-03-09,19364507.0,68520.0,188552.0,123.0,140505940.0,272239.0,52687324.0,49150336.0,68179267.0
2022-03-10,19434619.0,70112.0,188671.0,119.0,140547740.0,41805.0,52692090.0,49164620.0,68179267.0
2022-03-11,19508150.0,73531.0,188777.0,106.0,140589010.0,41261.0,52696530.0,49178984.0,68179267.0
2022-03-12,19578660.0,70510.0,188891.0,114.0,140641500.0,52489.0,52704576.0,49198720.0,68179267.0
2022-03-13,19645690.0,67030.0,189011.0,120.0,140668560.0,27058.0,52708424.0,49209240.0,68179267.0
2022-03-14,19707768.0,62078.0,189134.0,123.0,140716290.0,47727.0,52713188.0,49226170.0,68179267.0
2022-03-15,19783507.0,75739.0,189246.0,112.0,140757170.0,40889.0,52717450.0,49240748.0,68179267.0
2022-03-16,19883341.0,99834.0,189387.0,141.0,140795860.0,38688.0,52721460.0,49254796.0,68179267.0
2022-03-17,19977049.0,93708.0,189509.0,122.0,140836320.0,40453.0,52725660.0,49269524.0,68179267.0
2022-03-18,20068800.0,91751.0,189655.0,146.0,140877120.0,40812.0,52730004.0,49284164.0,68179267.0
2022-03-19,20151653.0,82853.0,189791.0,136.0,140928600.0,51479.0,52740240.0,49303268.0,68179267.0
2022-03-20,20226938.0,75285.0,189962.0,171.0,140956800.0,28194.0,52747250.0,49312976.0,68179267.0
2022-03-21,20294355.0,67417.0,190127.0,165.0,141195760.0,238956.0,52751750.0,49325036.0,68179267.0
2022-03-22,20375409.0,81054.0,190302.0,175.0,141268770.0,73020.0,52756384.0,49336876.0,68179267.0
2022-03-23,20484695.0,109286.0,190465.0,163.0,,,,,68179267.0
2022-03-24,20583790.0,99095.0,190632.0,167.0,141497170.0,,52759212.0,49352884.0,68179267.0
2022-03-25,20677975.0,94185.0,190790.0,158.0,141602610.0,105446.0,52764900.0,49366212.0,68179267.0
2022-03-26,20760880.0,82905.0,190956.0,166.0,141713000.0,110379.0,52775616.0,49385016.0,68179267.0
2022-03-27,20833310.0,72430.0,191138.0,182.0,141763440.0,50449.0,52783240.0,49393056.0,68179267.0
2022-03-28,20894766.0,61456.0,191300.0,162.0,141863400.0,99953.0,52788064.0,49404024.0,68179267.0
2022-03-29,20963102.0,68336.0,191460.0,160.0,141973470.0,110070.0,52792930.0,49415450.0,68179267.0
2022-03-30,21055959.0,92857.0,191637.0,177.0,142097070.0,123606.0,52798444.0,49428030.0,68179267.0
2022-03-31,21136085.0,80126.0,191833.0,196.0,142226670.0,129593.0,52803480.0,49440584.0,68179267.0
2022-04-01,21209728.0,73643.0,192014.0,181.0,142353550.0,126891.0,52808470.0,49452290.0,68179267.0
2022-04-02,21264519.0,54791.0,192206.0,192.0,142501680.0,148125.0,52819360.0,49469210.0,68179267.0
2022-04-03,21311981.0,47462.0,192410.0,204.0,142569740.0,68056.0,52826860.0,49478290.0,68179267.0
2022-04-04,21349573.0,37592.0,192602.0,192.0,142682430.0,112702.0,52837996.0,49488640.0,68179267.0
2022-04-05,21391752.0,42179.0,192790.0,188.0,142807300.0,124858.0,52849370.0,49498520.0,68179267.0
2022-04-06,21445479.0,53727.0,192969.0,179.0,142955470.0,148170.0,52861740.0,49509108.0,68179267.0
2022-04-07,21494580.0,49101.0,193171.0,202.0,143098340.0,142865.0,52873080.0,49520210.0,68179267.0
2022-04-08,21539330.0,44750.0,193367.0,196.0,143246580.0,148241.0,52885280.0,49531880.0,68179267.0
2022-04-09,21578039.0,38709.0,193598.0,231.0,143444480.0,197907.0,52910456.0,49547812.0,68179267.0
2022-04-10,21611027.0,32988.0,193836.0,238.0,143529700.0,85213.0,52925736.0,49556710.0,68179267.0
2022-04-11,21638912.0,27885.0,194009.0,173.0,143662750.0,133066.0,52941680.0,49568680.0,68179267.0
2022-04-12,21669864.0,30952.0,194206.0,197.0,143817660.0,154907.0,52959180.0,49580224.0,68179267.0
2022-04-13,21707235.0,37371.0,194391.0,185.0,143982910.0,165241.0,52978584.0,49592844.0,68179267.0
2022-04-14,21741006.0,33771.0,194590.0,199.0,144143780.0,160877.0,53001424.0,49606240.0,68179267.0
2022-04-15,21772691.0,31685.0,194812.0,222.0,144198220.0,54434.0,53012870.0,49611756.0,68179267.0
2022-04-16,21799330.0,26639.0,195004.0,192.0,144293600.0,95374.0,53031036.0,49623056.0,68179267.0
2022-04-17,21820947.0,21617.0,195176.0,172.0,144320960.0,27366.0,53035856.0,49625700.0,68179267.0
2022-04-18,21840872.0,19925.0,195340.0,164.0,144348980.0,28011.0,53041896.0,49629240.0,68179267.0
2022-04-19,21861016.0,20144.0,195502.0,162.0,144475460.0,126481.0,53057036.0,49640344.0,68179267.0
2022-04-20,21886239.0,25223.0,195676.0,174.0,144619740.0,144294.0,53071452.0,49651320.0,68179267.0
2022-04-21,21912011.0,25772.0,195835.0,159.0,144889920.0,270184.0,53088680.0,49662024.0,68179267.0
2022-04-22,21933468.0,21457.0,195996.0,161.0,145034670.0,144751.0,53104504.0,49672344.0,68179267.0
2022-04-23,21951932.0,18464.0,196158.0,162.0,145260820.0,226135.0,53136420.0,49689204.0,68179267.0
2022-04-24,21967635.0,15703.0,196313.0,155.0,145345300.0,84477.0,53152044.0,49697444.0,68179267.0
2022-04-25,21980845.0,13210.0,196459.0,146.0,145462850.0,117557.0,53161004.0,49705420.0,68179267.0
2022-04-26,21995560.0,14715.0,196590.0,131.0,145601070.0,138231.0,53170544.0,49713844.0,68179267.0
2022-04-27,22012669.0,17109.0,196719.0,129.0,145749060.0,147975.0,53180150.0,49722170.0,68179267.0
2022-04-28,22027229.0,14560.0,196844.0,125.0,145891740.0,142683.0,53191230.0,49731790.0,68179267.0
2022-04-29,22040284.0,13055.0,196979.0,135.0,146026060.0,134323.0,53202724.0,49741324.0,68179267.0
2022-04-30,22051892.0,11608.0,197109.0,130.0,146177900.0,151849.0,53230188.0,49756336.0,68179267.0
2022-05-01,22061904.0,10012.0,197217.0,108.0,146229230.0,51319.0,53242210.0,49762476.0,68179267.0
2022-05-02,22070258.0,8354.0,197324.0,107.0,146253180.0,23955.0,53247844.0,49765170.0,68179267.0
2022-05-03,22079292.0,9034.0,197437.0,113.0,146351120.0,97935.0,53255430.0,49771704.0,68179267.0
2022-05-04,22091199.0,11907.0,197547.0,110.0,146473810.0,122685.0,53264510.0,49780388.0,68179267.0
2022-05-05,22104517.0,13318.0,197654.0,107.0,146584600.0,110803.0,53272750.0,49788384.0,68179267.0
2022-05-06,22116189.0,11672.0,197744.0,90.0,146693870.0,109269.0,53282336.0,49797820.0,68179267.0
2022-05-07,22126410.0,10221.0,197831.0,87.0,146832910.0,139041.0,53306800.0,49813560.0,68179267.0
2022-05-08,22135364.0,8954.0,197929.0,98.0,146883680.0,50768.0,53317460.0,49821052.0,68179267.0
2022-05-09,22142881.0,7517.0,198032.0,103.0,146971580.0,87894.0,53323370.0,49828652.0,68179267.0
2022-05-10,22151943.0,9062.0,198117.0,85.0,147074580.0,102996.0,53330590.0,49836560.0,68179267.0
2022-05-11,22162645.0,10702.0,198200.0,83.0,147178540.0,103977.0,53337396.0,49844560.0,68179267.0
2022-05-12,22172393.0,9748.0,198301.0,101.0,147279180.0,100628.0,53344884.0,49852092.0,68179267.0
2022-05-13,22181118.0,8725.0,198380.0,79.0,147365630.0,86459.0,53352396.0,49859244.0,68179267.0
2022-05-14,22188760.0,7642.0,198449.0,69.0,147466200.0,100567.0,53372856.0,49872068.0,68179267.0
2022-05-15,22195702.0,6942.0,198521.0,72.0,147509970.0,43762.0,53382948.0,49877776.0,68179267.0
2022-05-16,22201822.0,6120.0,198587.0,66.0,147577260.0,67304.0,53387720.0,49883376.0,68179267.0
2022-05-17,22209795.0,7973.0,198660.0,73.0,147655040.0,77776.0,53393150.0,49889296.0,68179267.0
2022-05-18,22219212.0,9417.0,198726.0,66.0,147734160.0,79109.0,53398520.0,49895256.0,68179267.0
2022-05-19,22227498.0,8286.0,198798.0,72.0,147818300.0,84156.0,53407450.0,49903330.0,68179267.0
2022-05-20,22235136.0,7638.0,198844.0,46.0,147891490.0,73183.0,53413950.0,49909840.0,68179267.0
2022-05-21,22241956.0,6820.0,198890.0,46.0,147982670.0,91174.0,53430130.0,49920896.0,68179267.0
2022-05-22,22247777.0,5821.0,198962.0,72.0,148014460.0,31803.0,53436650.0,49925516.0,68179267.0
2022-05-23,22252796.0,5019.0,199011.0,49.0,148071060.0,56579.0,53439970.0,49930144.0,68179267.0
2022-05-24,22258793.0,5997.0,199070.0,59.0,148136500.0,65452.0,53444716.0,49935012.0,68179267.0
2022-05-25,22266106.0,7313.0,199133.0,63.0,148193460.0,56960.0,53445104.0,49938084.0,68179267.0
2022-05-26,22272785.0,6679.0,199184.0,51.0,148279250.0,85788.0,53448710.0,49963476.0,68179267.0
2022-05-27,22279078.0,6293.0,199218.0,34.0,148339940.0,60684.0,53453904.0,49969830.0,68179267.0
2022-05-28,22284831.0,5753.0,199263.0,45.0,148406020.0,66077.0,53466470.0,49981336.0,68179267.0
2022-05-29,22290240.0,5409.0,199308.0,45.0,148435340.0,29336.0,53472490.0,49986830.0,68179267.0
2022-05-30,22295228.0,4988.0,199342.0,34.0,148489310.0,53971.0,53479256.0,49994884.0,68179267.0
2022-05-31,22300908.0,5680.0,199372.0,30.0,148549740.0,60430.0,53486908.0,50003660.0,68179267.0
2022-06-01,22308023.0,7115.0,199423.0,51.0,148602900.0,53154.0,53493876.0,50012290.0,68179267.0
2022-06-02,22315116.0,7093.0,199474.0,51.0,148619150.0,16250.0,53496144.0,50014676.0,68179267.0
2022-06-03,22322127.0,7011.0,199499.0,25.0,148624860.0,5715.0,53497176.0,50015856.0,68179267.0
2022-06-04,22328336.0,6209.0,199546.0,47.0,148652500.0,27632.0,53502796.0,50022330.0,68179267.0
2022-06-05,22334971.0,6635.0,199574.0,28.0,148687230.0,34738.0,53505424.0,50025630.0,68179267.0
2022-06-06,22342463.0,7492.0,199612.0,38.0,148722700.0,35461.0,53508252.0,50030476.0,68179267.0
2022-06-07,22352278.0,9815.0,199642.0,30.0,148765230.0,42528.0,53511588.0,50035308.0,68179267.0
2022-06-08,22364025.0,11747.0,199685.0,43.0,148813870.0,48645.0,53516480.0,50041268.0,68179267.0
2022-06-09,22375436.0,11411.0,199718.0,33.0,148857230.0,43359.0,53520040.0,50046480.0,68179267.0
2022-06-10,22387220.0,11784.0,199761.0,43.0,148899100.0,41871.0,53523612.0,50052124.0,68179267.0
2022-06-11,22398539.0,11319.0,199788.0,27.0,148955250.0,56141.0,53534960.0,50064052.0,68179267.0
2022-06-12,22409323.0,10784.0,199832.0,44.0,148981300.0,26056.0,53539970.0,50069860.0,68179267.0
2022-06-13,22419400.0,10077.0,199864.0,32.0,149011550.0,30254.0,53542440.0,50074144.0,68179267.0
2022-06-14,22432093.0,12693.0,199907.0,43.0,149043970.0,32413.0,53544616.0,50077670.0,68179267.0
2022-06-15,22447365.0,15272.0,199948.0,41.0,149080380.0,36412.0,53547750.0,50082652.0,68179267.0
2022-06-16,22462506.0,15141.0,199984.0,36.0,149119040.0,38659.0,53550780.0,50087828.0,68179267.0
2022-06-17,22477343.0,14837.0,200029.0,45.0,149153230.0,34189.0,53554132.0,50092904.0,68179267.0
2022-06-18,22491568.0,14225.0,200086.0,57.0,149201470.0,48244.0,53563680.0,50104668.0,68179267.0
2022-06-19,22505487.0,13919.0,200131.0,45.0,149223300.0,21820.0,53568336.0,50111304.0,68179267.0
2022-06-20,22519110.0,13623.0,200175.0,44.0,149323460.0,100171.0,53570744.0,50116300.0,68179267.0
2022-06-21,22536107.0,16997.0,200222.0,47.0,149359040.0,35580.0,53574096.0,50121410.0,68179267.0
2022-06-22,22556049.0,19942.0,200270.0,48.0,149397250.0,38209.0,53577310.0,50126664.0,68179267.0
2022-06-23,22576945.0,20896.0,200328.0,58.0,149433660.0,36418.0,53580416.0,50131750.0,68179267.0
2022-06-24,22597818.0,20873.0,200401.0,73.0,149470320.0,36647.0,53584444.0,50137572.0,68179267.0
2022-06-25,22617408.0,19590.0,200463.0,62.0,149528200.0,57871.0,53595990.0,50152184.0,68179267.0
2022-06-26,22635758.0,18350.0,200511.0,48.0,149554060.0,25879.0,53601172.0,50160210.0,68179267.0
2022-06-27,22652558.0,16800.0,200582.0,71.0,149588030.0,33962.0,53604096.0,50167076.0,68179267.0
2022-06-28,22673336.0,20778.0,200651.0,69.0,149625800.0,37761.0,53607710.0,50174280.0,68179267.0
2022-06-29,22698440.0,25104.0,200715.0,64.0,149664930.0,39142.0,53610840.0,50181320.0,68179267.0
2022-06-30,22723481.0,25041.0,200787.0,72.0,149760290.0,95358.0,53614410.0,50189172.0,68179267.0
2022-07-01,22748082.0,24601.0,200870.0,83.0,149794320.0,34027.0,53617744.0,50197190.0,68179267.0
2022-07-02,22772322.0,24240.0,200945.0,75.0,149844620.0,50315.0,53625770.0,50217144.0,68179267.0
2022-07-03,22795972.0,23650.0,201024.0,79.0,149868720.0,24086.0,53629720.0,50227780.0,68179267.0
2022-07-04,22817933.0,21961.0,201114.0,90.0,149901040.0,32322.0,53633264.0,50236360.0,68179267.0
2022-07-05,22845713.0,27780.0,201183.0,69.0,149934560.0,33519.0,53636360.0,50244812.0,68179267.0
2022-07-06,22879417.0,33704.0,201274.0,91.0,149968860.0,34314.0,53639144.0,50253744.0,68179267.0
2022-07-07,22910832.0,31415.0,201376.0,102.0,150004510.0,35633.0,53642264.0,50263580.0,68179267.0
2022-07-08,22940530.0,29698.0,201492.0,116.0,150039540.0,35038.0,53645572.0,50273704.0,68179267.0
2022-07-09,22966984.0,26454.0,201594.0,102.0,150090560.0,51018.0,53652980.0,50297364.0,68179267.0
2022-07-10,22991595.0,24611.0,201703.0,109.0,150111680.0,21128.0,53656588.0,50307270.0,68179267.0
2022-07-11,23012841.0,21246.0,201812.0,109.0,150137380.0,25693.0,53658772.0,50314410.0,68179267.0
2022-07-12,23037937.0,25096.0,201928.0,116.0,150165390.0,28007.0,53661308.0,50322244.0,68179267.0
2022-07-13,23067763.0,29826.0,202056.0,128.0,150195870.0,30490.0,53664108.0,50330908.0,68179267.0
2022-07-14,23094709.0,26946.0,202210.0,154.0,150226880.0,31000.0,53667070.0,50340120.0,68179267.0
2022-07-15,23118565.0,23856.0,202345.0,135.0,150257500.0,30620.0,53669828.0,50349310.0,68179267.0
2022-07-16,23139665.0,21100.0,202471.0,126.0,150307650.0,50143.0,53676600.0,50374080.0,68179267.0
2022-07-17,23158024.0,18359.0,202576.0,105.0,150327800.0,20173.0,53679210.0,50383624.0,68179267.0
2022-07-18,23173041.0,15017.0,202698.0,122.0,150347680.0,19869.0,53680824.0,50389620.0,68179267.0
2022-07-19,23190277.0,17236.0,202857.0,159.0,150366320.0,18630.0,53682330.0,50395332.0,68179267.0
2022-07-20,23208995.0,18718.0,202984.0,127.0,150393040.0,26720.0,53684876.0,50403748.0,68179267.0
2022-07-21,23225665.0,16670.0,203209.0,225.0,150419220.0,26181.0,53687796.0,50412480.0,68179267.0
2022-07-22,23241834.0,16169.0,203400.0,191.0,150449250.0,30040.0,53691344.0,50424064.0,68179267.0
2022-07-23,23255992.0,14158.0,203526.0,126.0,150491260.0,42010.0,53697200.0,50445250.0,68179267.0
2022-07-24,23268370.0,12378.0,203643.0,117.0,150510860.0,19606.0,53700196.0,50454744.0,68179267.0
2022-07-25,23278304.0,9934.0,203770.0,127.0,150538100.0,27233.0,53703510.0,50465104.0,68179267.0
2022-07-26,23289579.0,11275.0,203902.0,132.0,150564000.0,25890.0,53706796.0,50474344.0,68179267.0
2022-07-27,23302878.0,13299.0,204016.0,114.0,150590190.0,26204.0,53710108.0,50483530.0,68179267.0
2022-07-28,23314603.0,11725.0,204136.0,120.0,150621000.0,30799.0,53713468.0,50493240.0,68179267.0
2022-07-29,23325147.0,10544.0,204251.0,115.0,150645470.0,24481.0,53716910.0,50502932.0,68179267.0
2022-07-30,23334476.0,9329.0,204377.0,126.0,150678500.0,33025.0,53721640.0,50519176.0,68179267.0
2022-07-31,23342984.0,8508.0,204495.0,118.0,150693810.0,15313.0,53723890.0,50526812.0,68179267.0
2022-08-01,23350309.0,7325.0,204572.0,77.0,150713310.0,19489.0,53726268.0,50534576.0,68179267.0
2022-08-02,23358735.0,8426.0,204670.0,98.0,150732200.0,18892.0,53728984.0,50541616.0,68179267.0
2022-08-03,23368570.0,9835.0,204763.0,93.0,150752980.0,20780.0,53731980.0,50549090.0,68179267.0
2022-08-04,23377740.0,9170.0,204865.0,102.0,150787490.0,34507.0,53734110.0,50556100.0,68179267.0
2022-08-05,23386093.0,8353.0,204972.0,107.0,150806990.0,19511.0,53736708.0,50563628.0,68179267.0
2022-08-06,23393389.0,7296.0,205057.0,85.0,150833040.0,26047.0,53740636.0,50576268.0,68179267.0
2022-08-07,23399937.0,6548.0,205144.0,87.0,150845550.0,12508.0,53742610.0,50582532.0,68179267.0
2022-08-08,23405357.0,5420.0,205209.0,65.0,150862340.0,16780.0,53744612.0,50589100.0,68179267.0
2022-08-09,23411904.0,6547.0,205309.0,100.0,150877860.0,15535.0,53746564.0,50594972.0,68179267.0
2022-08-10,23419972.0,8068.0,205409.0,100.0,150893890.0,16020.0,53748628.0,50600644.0,68179267.0
2022-08-11,23427281.0,7309.0,205499.0,90.0,150910480.0,16591.0,53750790.0,50606850.0,68179267.0
2022-08-12,23434029.0,6748.0,205575.0,76.0,150925520.0,15051.0,53752910.0,50612416.0,68179267.0
2022-08-13,23440222.0,6193.0,205673.0,98.0,150947230.0,21704.0,53756270.0,50622612.0,68179267.0
2022-08-14,23445561.0,5339.0,205780.0,107.0,150956980.0,9740.0,53757748.0,50627204.0,68179267.0
2022-08-15,23450056.0,4495.0,205872.0,92.0,150981470.0,24495.0,53764736.0,50636324.0,68179267.0
2022-08-16,23455419.0,5363.0,205962.0,90.0,150996260.0,14785.0,53766870.0,50641720.0,68179267.0
2022-08-17,23461843.0,6424.0,206051.0,89.0,151011470.0,15219.0,53769030.0,50646996.0,68179267.0
2022-08-18,23467402.0,5559.0,206122.0,71.0,151026200.0,14746.0,53771030.0,50652348.0,68179267.0
2022-08-19,23472434.0,5032.0,206178.0,56.0,151040300.0,14095.0,53773332.0,50657436.0,68179267.0
2022-08-20,23476998.0,4564.0,206241.0,63.0,151061840.0,21535.0,53776910.0,50667540.0,68179267.0
2022-08-21,23481010.0,4012.0,206310.0,69.0,151070140.0,8301.0,53778336.0,50671640.0,68179267.0
2022-08-22,23484512.0,3502.0,206386.0,76.0,151084020.0,13870.0,53780324.0,50677172.0,68179267.0
2022-08-23,23488597.0,4085.0,206447.0,61.0,151098750.0,14743.0,53782470.0,50682856.0,68179267.0
2022-08-24,23493821.0,5224.0,206512.0,65.0,151115570.0,16806.0,53785024.0,50689350.0,68179267.0
2022-08-25,23498599.0,4778.0,206590.0,78.0,151133550.0,17993.0,53787748.0,50696710.0,68179267.0
2022-08-26,23503153.0,4554.0,206642.0,52.0,151147580.0,14020.0,53790320.0,50702140.0,68179267.0
2022-08-27,23506949.0,3796.0,206691.0,49.0,151165630.0,18047.0,53793460.0,50710900.0,68179267.0
2022-08-28,23510400.0,3451.0,206735.0,44.0,151172480.0,6862.0,53794736.0,50714264.0,68179267.0
2022-08-29,23513512.0,3112.0,206793.0,58.0,151175580.0,3103.0,53795350.0,50715584.0,68179267.0
2022-08-30,23516951.0,3439.0,206854.0,61.0,151190610.0,15013.0,53797820.0,50721772.0,68179267.0
2022-08-31,23521613.0,4662.0,206908.0,54.0,151206350.0,15755.0,53800390.0,50727970.0,68179267.0
2022-09-01,23526839.0,5226.0,206951.0,43.0,151217380.0,11010.0,53802124.0,50731628.0,68179267.0
2022-09-02,23531455.0,4616.0,207026.0,75.0,151227150.0,9783.0,53803520.0,50734844.0,68179267.0
2022-09-03,23535805.0,4350.0,207070.0,44.0,151242830.0,15677.0,53806056.0,50742776.0,68179267.0
2022-09-04,23539613.0,3808.0,207118.0,48.0,151248820.0,5992.0,53806964.0,50745900.0,68179267.0
2022-09-05,23543030.0,3417.0,207172.0,54.0,,,,,68179267.0
2022-09-06,23547318.0,4288.0,207217.0,45.0,,,,,68179267.0
2022-09-07,23552443.0,5125.0,207256.0,39.0,,,,,68179267.0
2022-09-08,23557021.0,4578.0,207296.0,40.0,,,,,68179267.0
2022-09-09,23561256.0,4235.0,207357.0,61.0,,,,,68179267.0
2022-09-10,23565003.0,3747.0,207404.0,47.0,,,,,68179267.0
2022-09-11,23568556.0,3553.0,207442.0,38.0,,,,,68179267.0
2022-09-12,23571824.0,3268.0,207490.0,48.0,,,,,68179267.0
2022-09-13,23576171.0,4347.0,207521.0,31.0,,,,,68179267.0
2022-09-14,23581479.0,5308.0,207564.0,43.0,,,,,68179267.0
2022-09-15,23586627.0,5148.0,207614.0,50.0,,,,,68179267.0
2022-09-16,23591600.0,4973.0,207659.0,45.0,,,,,68179267.0
2022-09-17,23596234.0,4634.0,207708.0,49.0,,,,,68179267.0
2022-09-18,23600368.0,4134.0,207747.0,39.0,,,,,68179267.0
2022-09-19,23603889.0,3521.0,207787.0,40.0,,,,,68179267.0
2022-09-20,23608228.0,4339.0,207827.0,40.0,,,,,68179267.0
2022-09-21,23614394.0,6166.0,207876.0,49.0,,,,,68179267.0
2022-09-22,23622222.0,7828.0,207926.0,50.0,,,,,68179267.0
2022-09-23,23629775.0,7553.0,207963.0,37.0,,,,,68179267.0
2022-09-24,23636590.0,6815.0,208013.0,50.0,,,,,68179267.0
2022-09-25,23643075.0,6485.0,208067.0,54.0,,,,,68179267.0
2022-09-26,23648794.0,5719.0,208116.0,49.0,,,,,68179267.0
2022-09-27,23656034.0,7240.0,208157.0,41.0,,,,,68179267.0
2022-09-28,23664652.0,8618.0,208223.0,66.0,,,,,68179267.0
2022-09-29,23672906.0,8254.0,208291.0,68.0,,,,,68179267.0
2022-09-30,23681320.0,8414.0,208353.0,62.0,,,,,68179267.0
2022-10-01,23689215.0,7895.0,208420.0,67.0,,,,,68179267.0
2022-10-02,23696830.0,7615.0,208484.0,64.0,,,,,68179267.0
2022-10-03,23703895.0,7065.0,208565.0,81.0,,,,,68179267.0
2022-10-04,23713099.0,9204.0,208629.0,64.0,,,,,68179267.0
2022-10-05,23724791.0,11692.0,208712.0,83.0,,,,,68179267.0
2022-10-06,23735756.0,10965.0,208804.0,92.0,,,,,68179267.0
2022-10-07,23745987.0,10231.0,208903.0,99.0,,,,,68179267.0
2022-10-08,23755376.0,9389.0,209000.0,97.0,,,,,68179267.0
2022-10-09,23764326.0,8950.0,209101.0,101.0,,,,,68179267.0
2022-10-10,23771379.0,7053.0,209193.0,92.0,,,,,68179267.0
2022-10-11,23779937.0,8558.0,209294.0,101.0,,,,,68179267.0
2022-10-12,23790434.0,10497.0,209387.0,93.0,,,,,68179267.0
2022-10-13,23799895.0,9461.0,209497.0,110.0,,,,,68179267.0
2022-10-14,23808664.0,8769.0,209624.0,127.0,,,,,68179267.0
2022-10-15,23816798.0,8134.0,209736.0,112.0,,,,,68179267.0
2022-10-16,23824768.0,7970.0,209852.0,116.0,,,,,68179267.0
2022-10-17,23831210.0,6442.0,209961.0,109.0,,,,,68179267.0
2022-10-18,23838990.0,7780.0,210068.0,107.0,,,,,68179267.0
2022-10-19,23848992.0,10002.0,210185.0,117.0,,,,,68179267.0
2022-10-20,23857227.0,8235.0,210294.0,109.0,,,,,68179267.0
2022-10-21,23864825.0,7598.0,210395.0,101.0,,,,,68179267.0
2022-10-22,23871401.0,6576.0,210518.0,123.0,,,,,68179267.0
2022-10-23,23877698.0,6297.0,210630.0,112.0,,,,,68179267.0
2022-10-24,23882666.0,4968.0,210742.0,112.0,,,,,68179267.0
2022-10-25,23888189.0,5523.0,210845.0,103.0,,,,,68179267.0
2022-10-26,23894996.0,6807.0,210951.0,106.0,,,,,68179267.0
2022-10-27,23900661.0,5665.0,211068.0,117.0,,,,,68179267.0
2022-10-28,23906110.0,5449.0,211160.0,92.0,,,,,68179267.0
2022-10-29,23910965.0,4855.0,211267.0,107.0,,,,,68179267.0
2022-10-30,23915366.0,4401.0,211355.0,88.0,,,,,68179267.0
2022-10-31,23918949.0,3583.0,211452.0,97.0,,,,,68179267.0
2022-11-01,23923220.0,4271.0,211550.0,98.0,,,,,68179267.0
2022-11-02,23928349.0,5129.0,211633.0,83.0,,,,,68179267.0
2022-11-03,23932898.0,4549.0,211718.0,85.0,,,,,68179267.0
2022-11-04,23936912.0,4014.0,211798.0,80.0,,,,,68179267.0
2022-11-05,23940590.0,3678.0,211882.0,84.0,,,,,68179267.0
2022-11-06,23943697.0,3107.0,211980.0,98.0,,,,,68179267.0
2022-11-07,23946362.0,2665.0,212059.0,79.0,,,,,68179267.0
2022-11-08,23949629.0,3267.0,212117.0,58.0,,,,,68179267.0
2022-11-09,23953950.0,4321.0,212194.0,77.0,,,,,68179267.0
2022-11-10,23957779.0,3829.0,212259.0,65.0,,,,,68179267.0
2022-11-11,23961355.0,3576.0,212323.0,64.0,,,,,68179267.0
2022-11-12,23964560.0,3205.0,212378.0,55.0,,,,,68179267.0
2022-11-13,23967453.0,2893.0,212451.0,73.0,,,,,68179267.0
2022-11-14,23969886.0,2433.0,212497.0,46.0,,,,,68179267.0
2022-11-15,23972798.0,2912.0,212553.0,56.0,,,,,68179267.0
2022-11-16,23976721.0,3923.0,212615.0,62.0,,,,,68179267.0
2022-11-17,23980255.0,3534.0,212682.0,67.0,,,,,68179267.0
2022-11-18,23983515.0,3260.0,212736.0,54.0,,,,,68179267.0
2022-11-19,23986552.0,3037.0,212791.0,55.0,,,,,68179267.0
2022-11-20,23989325.0,2773.0,212849.0,58.0,,,,,68179267.0
2022-11-21,23991756.0,2431.0,212908.0,59.0,,,,,68179267.0
2022-11-22,23994646.0,2890.0,212970.0,62.0,,,,,68179267.0
2022-11-23,23998584.0,3938.0,213023.0,53.0,,,,,68179267.0
2022-11-24,24002389.0,3805.0,213082.0,59.0,,,,,68179267.0
2022-11-25,24006005.0,3616.0,213142.0,60.0,,,,,68179267.0
2022-11-26,24009334.0,3329.0,213194.0,52.0,,,,,68179267.0
2022-11-27,24012236.0,2902.0,213236.0,42.0,,,,,68179267.0
2022-11-28,24014787.0,2551.0,213285.0,49.0,,,,,68179267.0
2022-11-29,24018235.0,3448.0,213341.0,56.0,,,,,68179267.0
2022-11-30,24022874.0,4639.0,213402.0,61.0,,,,,68179267.0
2022-12-01,24027260.0,4386.0,213456.0,54.0,,,,,68179267.0
2022-12-02,24031240.0,3980.0,213503.0,47.0,,,,,68179267.0
2022-12-03,24034745.0,3505.0,213558.0,55.0,,,,,68179267.0
2022-12-04,24038341.0,3596.0,213610.0,52.0,,,,,68179267.0
2022-12-05,24041089.0,2748.0,213667.0,57.0,,,,,68179267.0
2022-12-06,24044875.0,3786.0,213715.0,48.0,,,,,68179267.0
2022-12-07,24050200.0,5325.0,213779.0,64.0,,,,,68179267.0
2022-12-08,24055441.0,5241.0,213854.0,75.0,,,,,68179267.0
2022-12-09,24060636.0,5195.0,213918.0,64.0,,,,,68179267.0
2022-12-10,24065173.0,4537.0,213989.0,71.0,,,,,68179267.0
2022-12-11,24069389.0,4216.0,214060.0,71.0,,,,,68179267.0
2022-12-12,24072959.0,3570.0,214130.0,70.0,,,,,68179267.0
2022-12-13,24077590.0,4631.0,214201.0,71.0,,,,,68179267.0
2022-12-14,24084576.0,6986.0,214271.0,70.0,,,,,68179267.0
2022-12-15,24091687.0,7111.0,214338.0,67.0,,,,,68179267.0
2022-12-16,24098220.0,6533.0,214435.0,97.0,,,,,68179267.0
2022-12-17,24104314.0,6094.0,214494.0,59.0,,,,,68179267.0
2022-12-18,24110398.0,6084.0,214582.0,88.0,,,,,68179267.0
2022-12-19,24115141.0,4743.0,214674.0,92.0,,,,,68179267.0
2022-12-20,24120913.0,5772.0,214774.0,100.0,,,,,68179267.0
2022-12-21,24129986.0,9073.0,214889.0,115.0,,,,,68179267.0
2022-12-22,24138617.0,8631.0,215002.0,113.0,,,,,68179267.0
2022-12-23,24146419.0,7802.0,215112.0,110.0,,,,,68179267.0
2022-12-24,24153296.0,6877.0,215226.0,114.0,,,,,68179267.0
2022-12-25,24159037.0,5741.0,215345.0,119.0,,,,,68179267.0
2022-12-26,24163169.0,4132.0,215490.0,145.0,,,,,68179267.0
2022-12-27,24166863.0,3694.0,215621.0,131.0,,,,,68179267.0
2022-12-28,24171813.0,4950.0,215750.0,129.0,,,,,68179267.0
2022-12-29,24178418.0,6605.0,215892.0,142.0,,,,,68179267.0
2022-12-30,24186837.0,8419.0,216026.0,134.0,,,,,68179267.0
2022-12-31,24194555.0,7718.0,216159.0,133.0,,,,,68179267.0
2023-01-01,24200681.0,6126.0,216316.0,157.0,,,,,68179267.0
2023-01-02,24204968.0,4287.0,216466.0,150.0,,,,,68179267.0
2023-01-03,24208631.0,3663.0,216597.0,131.0,,,,,68179267.0
2023-01-04,24213688.0,5057.0,216726.0,129.0,,,,,68179267.0
2023-01-05,24219948.0,6260.0,216865.0,139.0,,,,,68179267.0
2023-01-06,24225538.0,5590.0,217005.0,140.0,,,,,68179267.0
2023-01-07,24230221.0,4683.0,217151.0,146.0,,,,,68179267.0
2023-01-08,24234071.0,3850.0,217267.0,116.0,,,,,68179267.0
2023-01-09,24236803.0,2732.0,217388.0,121.0,,,,,68179267.0
2023-01-10,24239624.0,2821.0,217513.0,125.0,,,,,68179267.0
2023-01-11,24243230.0,3606.0,217646.0,133.0,,,,,68179267.0
2023-01-12,24246348.0,3118.0,217762.0,116.0,,,,,68179267.0
2023-01-13,24248993.0,2645.0,217859.0,97.0,,,,,68179267.0
2023-01-14,24251473.0,2480.0,217978.0,119.0,,,,,68179267.0
2023-01-15,24253604.0,2131.0,218084.0,106.0,,,,,68179267.0
2023-01-16,24255102.0,1498.0,218187.0,103.0,,,,,68179267.0
2023-01-17,24256953.0,1851.0,218301.0,114.0,,,,,68179267.0
2023-01-18,24259517.0,2564.0,218411.0,110.0,,,,,68179267.0
2023-01-19,24261723.0,2206.0,218504.0,93.0,,,,,68179267.0
2023-01-20,24263843.0,2120.0,218597.0,93.0,,,,,68179267.0
2023-01-21,24265872.0,2029.0,218681.0,84.0,,,,,68179267.0
2023-01-22,24267740.0,1868.0,218763.0,82.0,,,,,68179267.0
2023-01-23,24269262.0,1522.0,218838.0,75.0,,,,,68179267.0
2023-01-24,24271168.0,1906.0,218915.0,77.0,,,,,68179267.0
2023-01-25,24273823.0,2655.0,218991.0,76.0,,,,,68179267.0
2023-01-26,24276594.0,2771.0,219074.0,83.0,,,,,68179267.0
2023-01-27,24279245.0,2651.0,219141.0,67.0,,,,,68179267.0
2023-01-28,24281789.0,2544.0,219213.0,72.0,,,,,68179267.0
2023-01-29,24284241.0,2452.0,219292.0,79.0,,,,,68179267.0
2023-01-30,24286202.0,1961.0,219365.0,73.0,,,,,68179267.0
2023-01-31,24288656.0,2454.0,219442.0,77.0,,,,,68179267.0
2023-02-01,24292212.0,3556.0,219503.0,61.0,,,,,68179267.0
2023-02-02,24295763.0,3551.0,219566.0,63.0,,,,,68179267.0
2023-02-03,24299239.0,3476.0,219638.0,72.0,,,,,68179267.0
2023-02-04,24302460.0,3221.0,219714.0,76.0,,,,,68179267.0
2023-02-05,24305431.0,2971.0,219785.0,71.0,,,,,68179267.0
2023-02-06,24307828.0,2397.0,219851.0,66.0,,,,,68179267.0
2023-02-07,24310644.0,2816.0,219924.0,73.0,,,,,68179267.0
2023-02-08,24314623.0,3979.0,219981.0,57.0,,,,,68179267.0
2023-02-09,24318340.0,3717.0,220048.0,67.0,,,,,68179267.0
2023-02-10,24322004.0,3664.0,220120.0,72.0,,,,,68179267.0
2023-02-11,24325360.0,3356.0,220184.0,64.0,,,,,68179267.0
2023-02-12,24328656.0,3296.0,220260.0,76.0,,,,,68179267.0
2023-02-13,24331233.0,2577.0,220321.0,61.0,,,,,68179267.0
2023-02-14,24334416.0,3183.0,220391.0,70.0,,,,,68179267.0
2023-02-15,24339301.0,4885.0,220445.0,54.0,,,,,68179267.0
2023-02-16,24343999.0,4698.0,220524.0,79.0,,,,,68179267.0
2023-02-17,24348250.0,4251.0,220595.0,71.0,,,,,68179267.0
2023-02-18,24352540.0,4290.0,220671.0,76.0,,,,,68179267.0
2023-02-19,24356612.0,4072.0,220755.0,84.0,,,,,68179267.0
2023-02-20,24359757.0,3145.0,220833.0,78.0,,,,,68179267.0
2023-02-21,24363457.0,3700.0,220893.0,60.0,,,,,68179267.0
2023-02-22,24368365.0,4908.0,220973.0,80.0,,,,,68179267.0
2023-02-23,24373066.0,4701.0,221034.0,61.0,,,,,68179267.0
2023-02-24,24377278.0,4212.0,221118.0,84.0,,,,,68179267.0
2023-02-25,24381053.0,3775.0,221193.0,75.0,,,,,68179267.0
2023-02-26,24384455.0,3402.0,221274.0,81.0,,,,,68179267.0
2023-02-27,24387192.0,2737.0,221351.0,77.0,,,,,68179267.0
2023-02-28,24390357.0,3165.0,221436.0,85.0,,,,,68179267.0
2023-03-01,24395100.0,4743.0,221515.0,79.0,,,,,68179267.0
2023-03-02,24399648.0,4548.0,221589.0,74.0,,,,,68179267.0
2023-03-03,24404026.0,4378.0,221672.0,83.0,,,,,68179267.0
2023-03-04,24407971.0,3945.0,221775.0,103.0,,,,,68179267.0
2023-03-05,24411693.0,3722.0,221856.0,81.0,,,,,68179267.0
2023-03-06,24414509.0,2816.0,221956.0,100.0,,,,,68179267.0
2023-03-07,24418006.0,3497.0,222053.0,97.0,,,,,68179267.0
2023-03-08,24423099.0,5093.0,222144.0,91.0,,,,,68179267.0
2023-03-09,24428008.0,4909.0,222237.0,93.0,,,,,68179267.0
2023-03-10,24432746.0,4738.0,222334.0,97.0,,,,,68179267.0
2023-03-11,24437096.0,4350.0,222428.0,94.0,,,,,68179267.0
2023-03-12,24441111.0,4015.0,222521.0,93.0,,,,,68179267.0
2023-03-13,24444541.0,3430.0,222621.0,100.0,,,,,68179267.0
2023-03-14,24448986.0,4445.0,222723.0,102.0,,,,,68179267.0
2023-03-15,24454864.0,5878.0,222819.0,96.0,,,,,68179267.0
2023-03-16,24460484.0,5620.0,222913.0,94.0,,,,,68179267.0
2023-03-17,24465359.0,4875.0,223019.0,106.0,,,,,68179267.0
2023-03-18,24470264.0,4905.0,223123.0,104.0,,,,,68179267.0
2023-03-19,24474452.0,4188.0,223234.0,111.0,,,,,68179267.0
2023-03-20,24477909.0,3457.0,223333.0,99.0,,,,,68179267.0
2023-03-21,24482026.0,4117.0,223424.0,91.0,,,,,68179267.0
2023-03-22,24487318.0,5292.0,223520.0,96.0,,,,,68179267.0
2023-03-23,24492616.0,5298.0,223648.0,128.0,,,,,68179267.0
2023-03-24,24497487.0,4871.0,223751.0,103.0,,,,,68179267.0
2023-03-25,24501928.0,4441.0,223859.0,108.0,,,,,68179267.0
2023-03-26,24506101.0,4173.0,223973.0,114.0,,,,,68179267.0
2023-03-27,24509160.0,3059.0,224088.0,115.0,,,,,68179267.0
2023-03-28,24512673.0,3513.0,224174.0,86.0,,,,,68179267.0
2023-03-29,24517087.0,4414.0,224272.0,98.0,,,,,68179267.0
2023-03-30,24521089.0,4002.0,224385.0,113.0,,,,,68179267.0
2023-03-31,24524952.0,3863.0,224481.0,96.0,,,,,68179267.0
2023-04-01,24528413.0,3461.0,224589.0,108.0,,,,,68179267.0
2023-04-02,24531273.0,2860.0,224664.0,75.0,,,,,68179267.0
2023-04-03,24533621.0,2348.0,224740.0,76.0,,,,,68179267.0
2023-04-04,24536138.0,2517.0,224818.0,78.0,,,,,68179267.0
2023-04-05,24538923.0,2785.0,224905.0,87.0,,,,,68179267.0
2023-04-06,24541436.0,2513.0,225004.0,99.0,,,,,68179267.0
2023-04-07,24544039.0,2603.0,225071.0,67.0,,,,,68179267.0
2023-04-08,24546329.0,2290.0,225175.0,104.0,,,,,68179267.0
2023-04-09,24548167.0,1838.0,225269.0,94.0,,,,,68179267.0
2023-04-10,24549882.0,1715.0,225353.0,84.0,,,,,68179267.0
2023-04-11,24551756.0,1874.0,225423.0,70.0,,,,,68179267.0
2023-04-12,24554196.0,2440.0,225497.0,74.0,,,,,68179267.0
2023-04-13,24556836.0,2640.0,225572.0,75.0,,,,,68179267.0
2023-04-14,24559181.0,2345.0,225648.0,76.0,,,,,68179267.0
2023-04-15,24561322.0,2141.0,225739.0,91.0,,,,,68179267.0
2023-04-16,24563084.0,1762.0,225819.0,80.0,,,,,68179267.0
2023-04-17,24564522.0,1438.0,225889.0,70.0,,,,,68179267.0
2023-04-18,24566511.0,1989.0,225968.0,79.0,,,,,68179267.0
2023-04-19,24568845.0,2334.0,226033.0,65.0,,,,,68179267.0
2023-04-20,24570856.0,2011.0,226100.0,67.0,,,,,68179267.0
2023-04-21,24572741.0,1885.0,226181.0,81.0,,,,,68179267.0
2023-04-22,24574406.0,1665.0,226253.0,72.0,,,,,68179267.0
2023-04-23,24575907.0,1501.0,226339.0,86.0,,,,,68179267.0
2023-04-24,24577222.0,1315.0,226394.0,55.0,,,,,68179267.0
2023-04-25,24578807.0,1585.0,226467.0,73.0,,,,,68179267.0
2023-04-26,24580713.0,1906.0,226516.0,49.0,,,,,68179267.0
2023-04-27,24582509.0,1796.0,226577.0,61.0,,,,,68179267.0
2023-04-28,24584249.0,1740.0,226639.0,62.0,,,,,68179267.0
2023-04-29,24585906.0,1657.0,226691.0,52.0,,,,,68179267.0
2023-04-30,24587399.0,1493.0,226745.0,54.0,,,,,68179267.0
2023-05-01,24588748.0,1349.0,226798.0,53.0,,,,,68179267.0
2023-05-02,24590141.0,1393.0,226840.0,42.0,,,,,68179267.0
2023-05-03,24591929.0,1788.0,226891.0,51.0,,,,,68179267.0
2023-05-04,24593892.0,1963.0,226950.0,59.0,,,,,68179267.0
2023-05-05,24595566.0,1674.0,226999.0,49.0,,,,,68179267.0
2023-05-06,24597190.0,1624.0,227053.0,54.0,,,,,68179267.0
2023-05-07,24598502.0,1312.0,227099.0,46.0,,,,,68179267.0
2023-05-08,24599523.0,1021.0,227146.0,47.0,,,,,68179267.0
2023-05-09,24600723.0,1200.0,227200.0,54.0,,,,,68179267.0
2023-05-10,24602164.0,1441.0,227238.0,38.0,,,,,68179267.0
2023-05-11,24603735.0,1571.0,227274.0,36.0,,,,,68179267.0
2023-05-12,24605144.0,1409.0,227315.0,41.0,,,,,68179267.0
2023-05-13,24606448.0,1304.0,227370.0,55.0,,,,,68179267.0
2023-05-14,24607480.0,1032.0,227419.0,49.0,,,,,68179267.0
2023-05-15,24608351.0,871.0,227451.0,32.0,,,,,68179267.0
2023-05-16,24609459.0,1108.0,227481.0,30.0,,,,,68179267.0
2023-05-17,24610705.0,1246.0,227513.0,32.0,,,,,68179267.0
2023-05-18,24611866.0,1161.0,227563.0,50.0,,,,,68179267.0
2023-05-19,24612977.0,1111.0,227612.0,49.0,,,,,68179267.0
2023-05-20,24614032.0,1055.0,227649.0,37.0,,,,,68179267.0
2023-05-21,24614973.0,941.0,227696.0,47.0,,,,,68179267.0
2023-05-22,24615755.0,782.0,227726.0,30.0,,,,,68179267.0
2023-05-23,24616719.0,964.0,227759.0,33.0,,,,,68179267.0
2023-05-24,24617911.0,1192.0,227798.0,39.0,,,,,68179267.0
2023-05-25,24619041.0,1130.0,227829.0,31.0,,,,,68179267.0
2023-05-26,24620068.0,1027.0,227863.0,34.0,,,,,68179267.0
2023-05-27,24620956.0,888.0,227888.0,25.0,,,,,68179267.0
2023-05-28,24621732.0,776.0,227932.0,44.0,,,,,68179267.0
2023-05-29,24622354.0,622.0,227969.0,37.0,,,,,68179267.0
2023-05-30,24623020.0,666.0,227994.0,25.0,,,,,68179267.0
2023-05-31,24623838.0,818.0,228018.0,24.0,,,,,68179267.0
2023-06-01,24624704.0,866.0,228052.0,34.0,,,,,68179267.0
2023-06-02,24625613.0,909.0,228074.0,22.0,,,,,68179267.0
2023-06-03,24626349.0,736.0,228106.0,32.0,,,,,68179267.0
2023-06-04,24626993.0,644.0,228131.0,25.0,,,,,68179267.0
2023-06-05,24627523.0,530.0,228163.0,32.0,,,,,68179267.0
2023-06-06,24628192.0,669.0,228189.0,26.0,,,,,68179267.0
2023-06-07,24629073.0,881.0,228211.0,22.0,,,,,68179267.0
2023-06-08,24629929.0,856.0,228235.0,24.0,,,,,68179267.0
2023-06-09,24630701.0,772.0,228259.0,24.0,,,,,68179267.0
2023-06-10,24631341.0,640.0,228283.0,24.0,,,,,68179267.0
2023-06-11,24631888.0,547.0,228302.0,19.0,,,,,68179267.0
2023-06-12,24632314.0,426.0,228325.0,23.0,,,,,68179267.0
2023-06-13,24632886.0,572.0,228354.0,29.0,,,,,68179267.0
2023-06-14,24633561.0,675.0,228385.0,31.0,,,,,68179267.0
2023-06-15,24634141.0,580.0,228412.0,27.0,,,,,68179267.0
2023-06-16,24634665.0,524.0,228442.0,30.0,,,,,68179267.0
2023-06-17,24635115.0,450.0,228465.0,23.0,,,,,68179267.0
2023-06-18,24635508.0,393.0,228489.0,24.0,,,,,68179267.0
2023-06-19,24635889.0,381.0,228504.0,15.0,,,,,68179267.0
2023-06-20,24636276.0,387.0,228523.0,19.0,,,,,68179267.0
2023-06-21,24636743.0,467.0,228544.0,21.0,,,,,68179267.0
2023-06-22,24637179.0,436.0,228563.0,19.0,,,,,68179267.0
2023-06-23,24637588.0,409.0,228580.0,17.0,,,,,68179267.0
2023-06-24,24637986.0,398.0,228589.0,9.0,,,,,68179267.0
2023-06-25,24638312.0,326.0,228604.0,15.0,,,,,68179267.0
2023-06-26,24638597.0,285.0,228617.0,13.0,,,,,68179267.0
2023-06-27,24638930.0,333.0,228638.0,21.0,,,,,68179267.0
2023-06-28,24639277.0,347.0,228648.0,10.0,,,,,68179267.0
2023-06-29,24639607.0,330.0,228666.0,18.0,,,,,68179267.0
2023-06-30,24639947.0,340.0,228674.0,8.0,,,,,68179267.0
2023-07-01,24640236.0,289.0,228688.0,14.0,,,,,68179267.0
2023-07-02,24640506.0,270.0,228707.0,19.0,,,,,68179267.0
2023-07-03,24640745.0,239.0,228720.0,13.0,,,,,68179267.0
2023-07-04,24641045.0,300.0,228734.0,14.0,,,,,68179267.0
2023-07-05,24641434.0,389.0,228741.0,7.0,,,,,68179267.0
2023-07-06,24641786.0,352.0,228751.0,10.0,,,,,68179267.0
2023-07-07,24642185.0,399.0,228763.0,12.0,,,,,68179267.0
2023-07-08,24642560.0,375.0,228775.0,12.0,,,,,68179267.0
2023-07-09,24642961.0,401.0,228782.0,7.0,,,,,68179267.0
2023-07-10,24643302.0,341.0,228791.0,9.0,,,,,68179267.0
2023-07-11,24643730.0,428.0,228799.0,8.0,,,,,68179267.0
2023-07-12,24644232.0,502.0,228810.0,11.0,,,,,68179267.0
2023-07-13,24644734.0,502.0,228819.0,9.0,,,,,68179267.0
2023-07-14,24645212.0,478.0,228827.0,8.0,,,,,68179267.0
2023-07-15,24645686.0,474.0,228842.0,15.0,,,,,68179267.0
2023-07-16,24646075.0,389.0,228847.0,5.0,,,,,68179267.0
2023-07-17,24646460.0,385.0,228857.0,10.0,,,,,68179267.0
2023-07-18,24646885.0,425.0,228865.0,8.0,,,,,68179267.0
2023-07-19,24647467.0,582.0,228873.0,8.0,,,,,68179267.0
2023-07-20,24648066.0,599.0,228884.0,11.0,,,,,68179267.0
2023-07-21,24648604.0,538.0,228897.0,13.0,,,,,68179267.0
2023-07-22,24649180.0,576.0,228900.0,3.0,,,,,68179267.0
2023-07-23,24649693.0,513.0,228912.0,12.0,,,,,68179267.0
2023-07-24,24650160.0,467.0,228920.0,8.0,,,,,68179267.0
2023-07-25,24650712.0,552.0,228931.0,11.0,,,,,68179267.0
2023-07-26,24651428.0,716.0,228940.0,9.0,,,,,68179267.0
2023-07-27,24652184.0,756.0,228951.0,11.0,,,,,68179267.0
2023-07-28,24652916.0,732.0,228967.0,16.0,,,,,68179267.0
2023-07-29,24653629.0,713.0,228980.0,13.0,,,,,68179267.0
2023-07-30,24654370.0,741.0,228996.0,16.0,,,,,68179267.0
2023-07-31,24655090.0,720.0,229009.0,13.0,,,,,68179267.0
2023-08-01,24655960.0,870.0,229019.0,10.0,,,,,68179267.0
2023-08-02,24656929.0,969.0,229036.0,17.0,,,,,68179267.0
2023-08-03,24657899.0,970.0,229054.0,18.0,,,,,68179267.0
2023-08-04,24658845.0,946.0,229074.0,20.0,,,,,68179267.0
2023-08-05,24659775.0,930.0,229086.0,12.0,,,,,68179267.0
2023-08-06,24660683.0,908.0,229099.0,13.0,,,,,68179267.0
2023-08-07,24661477.0,794.0,229121.0,22.0,,,,,68179267.0
2023-08-08,24662440.0,963.0,229141.0,20.0,,,,,68179267.0
2023-08-09,24663626.0,1186.0,229154.0,13.0,,,,,68179267.0
2023-08-10,24664920.0,1294.0,229168.0,14.0,,,,,68179267.0
2023-08-11,24666169.0,1249.0,229182.0,14.0,,,,,68179267.0
2023-08-12,24667354.0,1185.0,229216.0,34.0,,,,,68179267.0
2023-08-13,24668460.0,1106.0,229240.0,24.0,,,,,68179267.0
2023-08-14,24669487.0,1027.0,229277.0,37.0,,,,,68179267.0
2023-08-15,24670614.0,1127.0,229299.0,22.0,,,,,68179267.0
2023-08-16,24671949.0,1335.0,229326.0,27.0,,,,,68179267.0
2023-08-17,24673264.0,1315.0,229350.0,24.0,,,,,68179267.0
2023-08-18,24674571.0,1307.0,229383.0,33.0,,,,,68179267.0
2023-08-19,24675832.0,1261.0,229418.0,35.0,,,,,68179267.0
2023-08-20,24677006.0,1174.0,229446.0,28.0,,,,,68179267.0
2023-08-21,24678033.0,1027.0,229492.0,46.0,,,,,68179267.0
2023-08-22,24679201.0,1168.0,229525.0,33.0,,,,,68179267.0
2023-08-23,24680655.0,1454.0,229555.0,30.0,,,,,68179267.0
2023-08-24,24682103.0,1448.0,229588.0,33.0,,,,,68179267.0
2023-08-25,24683464.0,1361.0,229614.0,26.0,,,,,68179267.0
2023-08-26,24684781.0,1317.0,229643.0,29.0,,,,,68179267.0
2023-08-27,24685994.0,1213.0,229674.0,31.0,,,,,68179267.0
2023-08-28,24687027.0,1033.0,229697.0,23.0,,,,,68179267.0
2023-08-29,24688138.0,1111.0,229728.0,31.0,,,,,68179267.0
2023-08-30,24689475.0,1337.0,229750.0,22.0,,,,,68179267.0
2023-08-31,24691129.0,1654.0,229788.0,38.0,,,,,68179267.0
2023-09-01,24692947.0,1818.0,229824.0,36.0,,,,,68179267.0
2023-09-02,24694697.0,1750.0,229846.0,22.0,,,,,68179267.0
2023-09-03,24696465.0,1768.0,229871.0,25.0,,,,,68179267.0
2023-09-04,24698034.0,1569.0,229906.0,35.0,,,,,68179267.0
2023-09-05,24699950.0,1916.0,229943.0,37.0,,,,,68179267.0
2023-09-06,24702254.0,2304.0,229976.0,33.0,,,,,68179267.0
2023-09-07,24704494.0,2240.0,230022.0,46.0,,,,,68179267.0
2023-09-08,24706647.0,2153.0,230066.0,44.0,,,,,68179267.0
2023-09-09,24708609.0,1962.0,230106.0,40.0,,,,,68179267.0
2023-09-10,24710398.0,1789.0,230158.0,52.0,,,,,68179267.0
2023-09-11,24711932.0,1534.0,230202.0,44.0,,,,,68179267.0
2023-09-12,24713699.0,1767.0,230249.0,47.0,,,,,68179267.0
2023-09-13,24715797.0,2098.0,230287.0,38.0,,,,,68179267.0
2023-09-14,24717696.0,1899.0,230326.0,39.0,,,,,68179267.0
2023-09-15,24719401.0,1705.0,230374.0,48.0,,,,,68179267.0
2023-09-16,24721118.0,1717.0,230418.0,44.0,,,,,68179267.0
2023-09-17,24722671.0,1553.0,230461.0,43.0,,,,,68179267.0
2023-09-18,24724105.0,1434.0,230488.0,27.0,,,,,68179267.0
2023-09-19,24725859.0,1754.0,230524.0,36.0,,,,,68179267.0
2023-09-20,24728020.0,2161.0,230567.0,43.0,,,,,68179267.0
2023-09-21,24730222.0,2202.0,230610.0,43.0,,,,,68179267.0
2023-09-22,24732342.0,2120.0,230652.0,42.0,,,,,68179267.0
2023-09-23,24734348.0,2006.0,230686.0,34.0,,,,,68179267.0
2023-09-24,24736233.0,1885.0,230727.0,41.0,,,,,68179267.0
2023-09-25,24737951.0,1718.0,230764.0,37.0,,,,,68179267.0
2023-09-26,24740136.0,2185.0,230804.0,40.0,,,,,68179267.0
2023-09-27,24742919.0,2783.0,230845.0,41.0,,,,,68179267.0
2023-09-28,24745889.0,2970.0,230878.0,33.0,,,,,68179267.0
2023-09-29,24748784.0,2895.0,230928.0,50.0,,,,,68179267.0
2023-09-30,24751328.0,2544.0,230976.0,48.0,,,,,68179267.0
2023-10-01,24753655.0,2327.0,231016.0,40.0,,,,,68179267.0
2023-10-02,24755750.0,2095.0,231064.0,48.0,,,,,68179267.0
2023-10-03,24758309.0,2559.0,231114.0,50.0,,,,,68179267.0
2023-10-04,24761025.0,2716.0,231160.0,46.0,,,,,68179267.0
2023-10-05,24763760.0,2735.0,231200.0,40.0,,,,,68179267.0
2023-10-06,24766264.0,2504.0,231250.0,50.0,,,,,68179267.0
2023-10-07,24768564.0,2300.0,231304.0,54.0,,,,,68179267.0
2023-10-08,24770738.0,2174.0,231360.0,56.0,,,,,68179267.0
2023-10-09,24772433.0,1695.0,231421.0,61.0,,,,,68179267.0
2023-10-10,24774544.0,2111.0,231475.0,54.0,,,,,68179267.0
2023-10-11,24776854.0,2310.0,231526.0,51.0,,,,,68179267.0
2023-10-12,24778941.0,2087.0,231579.0,53.0,,,,,68179267.0
2023-10-13,24780893.0,1952.0,231642.0,63.0,,,,,68179267.0
2023-10-14,24782474.0,1581.0,231690.0,48.0,,,,,68179267.0
2023-10-15,24783998.0,1524.0,231724.0,34.0,,,,,68179267.0
2023-10-16,24785142.0,1144.0,231774.0,50.0,,,,,68179267.0
2023-10-17,24786379.0,1237.0,231827.0,53.0,,,,,68179267.0
2023-10-18,24787861.0,1482.0,231871.0,44.0,,,,,68179267.0
2023-10-19,24789307.0,1446.0,231929.0,58.0,,,,,68179267.0
2023-10-20,24790734.0,1427.0,231988.0,59.0,,,,,68179267.0
2023-10-21,24792090.0,1356.0,232052.0,64.0,,,,,68179267.0
2023-10-22,24793269.0,1179.0,232112.0,60.0,,,,,68179267.0
2023-10-23,24794150.0,881.0,232112.0,0.0,,,,,68179267.0
2023-10-24,24795154.0,1004.0,232112.0,0.0,,,,,68179267.0
2023-10-25,24796357.0,1203.0,232112.0,0.0,,,,,68179267.0
2023-10-26,24797550.0,1193.0,232112.0,0.0,,,,,68179267.0
2023-10-27,24798592.0,1042.0,232112.0,0.0,,,,,68179267.0
2023-10-28,24799632.0,1040.0,232112.0,0.0,,,,,68179267.0
2023-10-29,24800594.0,962.0,232112.0,0.0,,,,,68179267.0
2023-10-30,24807193.0,6599.0,232112.0,0.0,,,,,68179267.0
2023-10-31,24807193.0,0.0,232112.0,0.0,,,,,68179267.0
2023-11-01,24807193.0,0.0,232112.0,0.0,,,,,68179267.0
2023-11-02,24807193.0,0.0,232112.0,0.0,,,,,68179267.0
2023-11-03,24807193.0,0.0,232112.0,0.0,,,,,68179267.0
2023-11-04,24807193.0,0.0,232112.0,0.0,,,,,68179267.0
2023-11-05,24807193.0,0.0,232112.0,0.0,,,,,68179267.0
2023-11-06,24812061.0,4868.0,232112.0,0.0,,,,,68179267.0
2023-11-07,24812061.0,0.0,232112.0,0.0,,,,,68179267.0
2023-11-08,24812061.0,0.0,232112.0,0.0,,,,,68179267.0
2023-11-09,24812061.0,0.0,232112.0,0.0,,,,,68179267.0
2023-11-10,24812061.0,0.0,232112.0,0.0,,,,,68179267.0
2023-11-11,24812061.0,0.0,232112.0,0.0,,,,,68179267.0
2023-11-12,24812061.0,0.0,232112.0,0.0,,,,,68179267.0
2023-11-13,24817283.0,5222.0,232112.0,0.0,,,,,68179267.0
2023-11-14,24817283.0,0.0,232112.0,0.0,,,,,68179267.0
2023-11-15,24817283.0,0.0,232112.0,0.0,,,,,68179267.0
2023-11-16,24817283.0,0.0,232112.0,0.0,,,,,68179267.0
2023-11-17,24817283.0,0.0,232112.0,0.0,,,,,68179267.0
2023-11-18,24817283.0,0.0,232112.0,0.0,,,,,68179267.0
2023-11-19,24817283.0,0.0,232112.0,0.0,,,,,68179267.0
2023-11-20,24822017.0,4734.0,232112.0,0.0,,,,,68179267.0
2023-11-21,24822017.0,0.0,232112.0,0.0,,,,,68179267.0
2023-11-22,24822017.0,0.0,232112.0,0.0,,,,,68179267.0
2023-11-23,24822017.0,0.0,232112.0,0.0,,,,,68179267.0
2023-11-24,24822017.0,0.0,232112.0,0.0,,,,,68179267.0
2023-11-25,24822017.0,0.0,232112.0,0.0,,,,,68179267.0
2023-11-26,24822017.0,0.0,232112.0,0.0,,,,,68179267.0
2023-11-27,24827408.0,5391.0,232112.0,0.0,,,,,68179267.0
2023-11-28,24827408.0,0.0,232112.0,0.0,,,,,68179267.0
2023-11-29,24827408.0,0.0,232112.0,0.0,,,,,68179267.0
2023-11-30,24827408.0,0.0,232112.0,0.0,,,,,68179267.0
2023-12-01,24827408.0,0.0,232112.0,0.0,,,,,68179267.0
2023-12-02,24827408.0,0.0,232112.0,0.0,,,,,68179267.0
2023-12-03,24827408.0,0.0,232112.0,0.0,,,,,68179267.0
2023-12-04,24834956.0,7548.0,232112.0,0.0,,,,,68179267.0
2023-12-05,24834956.0,0.0,232112.0,0.0,,,,,68179267.0
2023-12-06,24834956.0,0.0,232112.0,0.0,,,,,68179267.0
2023-12-07,24834956.0,0.0,232112.0,0.0,,,,,68179267.0
2023-12-08,24834956.0,0.0,232112.0,0.0,,,,,68179267.0
2023-12-09,24834956.0,0.0,232112.0,0.0,,,,,68179267.0
2023-12-10,24834956.0,0.0,232112.0,0.0,,,,,68179267.0
2023-12-11,24844421.0,9465.0,232112.0,0.0,,,,,68179267.0
2023-12-12,24844421.0,0.0,232112.0,0.0,,,,,68179267.0
2023-12-13,24844421.0,0.0,232112.0,0.0,,,,,68179267.0
2023-12-14,24844421.0,0.0,232112.0,0.0,,,,,68179267.0
2023-12-15,24844421.0,0.0,232112.0,0.0,,,,,68179267.0
2023-12-16,24844421.0,0.0,232112.0,0.0,,,,,68179267.0
2023-12-17,24844421.0,0.0,232112.0,0.0,,,,,68179267.0
2023-12-18,24855132.0,10711.0,232112.0,0.0,,,,,68179267.0
2023-12-19,24855132.0,0.0,232112.0,0.0,,,,,68179267.0
2023-12-20,24855132.0,0.0,232112.0,0.0,,,,,68179267.0
2023-12-21,24855132.0,0.0,232112.0,0.0,,,,,68179267.0
2023-12-22,24855132.0,0.0,232112.0,0.0,,,,,68179267.0
2023-12-23,24855132.0,0.0,232112.0,0.0,,,,,68179267.0
2023-12-24,24855132.0,0.0,232112.0,0.0,,,,,68179267.0
2023-12-25,24865286.0,10154.0,232112.0,0.0,,,,,68179267.0
2023-12-26,24865286.0,0.0,232112.0,0.0,,,,,68179267.0
2023-12-27,24865286.0,0.0,232112.0,0.0,,,,,68179267.0
2023-12-28,24865286.0,0.0,232112.0,0.0,,,,,68179267.0
2023-12-29,24865286.0,0.0,232112.0,0.0,,,,,68179267.0
2023-12-30,24865286.0,0.0,232112.0,0.0,,,,,68179267.0
2023-12-31,24865286.0,0.0,232112.0,0.0,,,,,68179267.0
2024-01-01,24874133.0,8847.0,232112.0,0.0,,,,,68179267.0
2024-01-02,24874133.0,0.0,232112.0,0.0,,,,,68179267.0
2024-01-03,24874133.0,0.0,232112.0,0.0,,,,,68179267.0
2024-01-04,24874133.0,0.0,232112.0,0.0,,,,,68179267.0
2024-01-05,24874133.0,0.0,232112.0,0.0,,,,,68179267.0
2024-01-06,24874133.0,0.0,232112.0,0.0,,,,,68179267.0
2024-01-07,24874133.0,0.0,232112.0,0.0,,,,,68179267.0
2024-01-08,24880892.0,6759.0,232112.0,0.0,,,,,68179267.0
2024-01-09,24880892.0,0.0,232112.0,0.0,,,,,68179267.0
2024-01-10,24880892.0,0.0,232112.0,0.0,,,,,68179267.0
2024-01-11,24880892.0,0.0,232112.0,0.0,,,,,68179267.0
2024-01-12,24880892.0,0.0,232112.0,0.0,,,,,68179267.0
2024-01-13,24880892.0,0.0,232112.0,0.0,,,,,68179267.0
2024-01-14,24880892.0,0.0,232112.0,0.0,,,,,68179267.0
2024-01-15,24887433.0,6541.0,232112.0,0.0,,,,,68179267.0
2024-01-16,24887433.0,0.0,232112.0,0.0,,,,,68179267.0
2024-01-17,24887433.0,0.0,232112.0,0.0,,,,,68179267.0
2024-01-18,24887433.0,0.0,232112.0,0.0,,,,,68179267.0
2024-01-19,24887433.0,0.0,232112.0,0.0,,,,,68179267.0
2024-01-20,24887433.0,0.0,232112.0,0.0,,,,,68179267.0
2024-01-21,24887433.0,0.0,232112.0,0.0,,,,,68179267.0
2024-01-22,24894032.0,6599.0,232112.0,0.0,,,,,68179267.0
2024-01-23,24894032.0,0.0,232112.0,0.0,,,,,68179267.0
2024-01-24,24894032.0,0.0,232112.0,0.0,,,,,68179267.0
2024-01-25,24894032.0,0.0,232112.0,0.0,,,,,68179267.0
2024-01-26,24894032.0,0.0,232112.0,0.0,,,,,68179267.0
2024-01-27,24894032.0,0.0,232112.0,0.0,,,,,68179267.0
2024-01-28,24894032.0,0.0,232112.0,0.0,,,,,68179267.0
2024-01-29,24899190.0,5158.0,232112.0,0.0,,,,,68179267.0
2024-01-30,24899190.0,0.0,232112.0,0.0,,,,,68179267.0
2024-01-31,24899190.0,0.0,232112.0,0.0,,,,,68179267.0
2024-02-01,24899190.0,0.0,232112.0,0.0,,,,,68179267.0
2024-02-02,24899190.0,0.0,232112.0,0.0,,,,,68179267.0
2024-02-03,24899190.0,0.0,232112.0,0.0,,,,,68179267.0
2024-02-04,24899190.0,0.0,232112.0,0.0,,,,,68179267.0
2024-02-05,24903261.0,4071.0,232112.0,0.0,,,,,68179267.0
2024-02-06,24903261.0,0.0,232112.0,0.0,,,,,68179267.0
2024-02-07,24903261.0,0.0,232112.0,0.0,,,,,68179267.0
2024-02-08,24903261.0,0.0,232112.0,0.0,,,,,68179267.0
2024-02-09,24903261.0,0.0,232112.0,0.0,,,,,68179267.0
2024-02-10,24903261.0,0.0,232112.0,0.0,,,,,68179267.0
2024-02-11,24903261.0,0.0,232112.0,0.0,,,,,68179267.0
2024-02-12,24906138.0,2877.0,232112.0,0.0,,,,,68179267.0
2024-02-13,24906138.0,0.0,232112.0,0.0,,,,,68179267.0
2024-02-14,24906138.0,0.0,232112.0,0.0,,,,,68179267.0
2024-02-15,24906138.0,0.0,232112.0,0.0,,,,,68179267.0
2024-02-16,24906138.0,0.0,232112.0,0.0,,,,,68179267.0
2024-02-17,24906138.0,0.0,232112.0,0.0,,,,,68179267.0
2024-02-18,24906138.0,0.0,232112.0,0.0,,,,,68179267.0
2024-02-19,24908116.0,1978.0,232112.0,0.0,,,,,68179267.0
2024-02-20,24908116.0,0.0,232112.0,0.0,,,,,68179267.0
2024-02-21,24908116.0,0.0,232112.0,0.0,,,,,68179267.0
2024-02-22,24908116.0,0.0,232112.0,0.0,,,,,68179267.0
2024-02-23,24908116.0,0.0,232112.0,0.0,,,,,68179267.0
2024-02-24,24908116.0,0.0,232112.0,0.0,,,,,68179267.0
2024-02-25,24908116.0,0.0,232112.0,0.0,,,,,68179267.0
2024-02-26,24909686.0,1570.0,232112.0,0.0,,,,,68179267.0
2024-02-27,24909686.0,0.0,232112.0,0.0,,,,,68179267.0
2024-02-28,24909686.0,0.0,232112.0,0.0,,,,,68179267.0
2024-02-29,24909686.0,0.0,232112.0,0.0,,,,,68179267.0
2024-03-01,24909686.0,0.0,232112.0,0.0,,,,,68179267.0
2024-03-02,24909686.0,0.0,232112.0,0.0,,,,,68179267.0
2024-03-03,24909686.0,0.0,232112.0,0.0,,,,,68179267.0
2024-03-04,24911293.0,1607.0,232112.0,0.0,,,,,68179267.0
2024-03-05,24911293.0,0.0,232112.0,0.0,,,,,68179267.0
2024-03-06,24911293.0,0.0,232112.0,0.0,,,,,68179267.0
2024-03-07,24911293.0,0.0,232112.0,0.0,,,,,68179267.0
2024-03-08,24911293.0,0.0,232112.0,0.0,,,,,68179267.0
2024-03-09,24911293.0,0.0,232112.0,0.0,,,,,68179267.0
2024-03-10,24911293.0,0.0,232112.0,0.0,,,,,68179267.0
2024-03-11,24913013.0,1720.0,232112.0,0.0,,,,,68179267.0
2024-03-12,24913013.0,0.0,232112.0,0.0,,,,,68179267.0
2024-03-13,24913013.0,0.0,232112.0,0.0,,,,,68179267.0
2024-03-14,24913013.0,0.0,232112.0,0.0,,,,,68179267.0
2024-03-15,24913013.0,0.0,232112.0,0.0,,,,,68179267.0
2024-03-16,24913013.0,0.0,232112.0,0.0,,,,,68179267.0
2024-03-17,24913013.0,0.0,232112.0,0.0,,,,,68179267.0
2024-03-18,24914518.0,1505.0,232112.0,0.0,,,,,68179267.0
2024-03-19,24914518.0,0.0,232112.0,0.0,,,,,68179267.0
2024-03-20,24914518.0,0.0,232112.0,0.0,,,,,68179267.0
2024-03-21,24914518.0,0.0,232112.0,0.0,,,,,68179267.0
2024-03-22,24914518.0,0.0,232112.0,0.0,,,,,68179267.0
2024-03-23,24914518.0,0.0,232112.0,0.0,,,,,68179267.0
2024-03-24,24914518.0,0.0,232112.0,0.0,,,,,68179267.0
2024-03-25,24915975.0,1457.0,232112.0,0.0,,,,,68179267.0
2024-03-26,24915975.0,0.0,232112.0,0.0,,,,,68179267.0
2024-03-27,24915975.0,0.0,232112.0,0.0,,,,,68179267.0
2024-03-28,24915975.0,0.0,232112.0,0.0,,,,,68179267.0
2024-03-29,24915975.0,0.0,232112.0,0.0,,,,,68179267.0
2024-03-30,24915975.0,0.0,232112.0,0.0,,,,,68179267.0
2024-03-31,24915975.0,0.0,232112.0,0.0,,,,,68179267.0
2024-04-01,24917555.0,1580.0,232112.0,0.0,,,,,68179267.0
2024-04-02,24917555.0,0.0,232112.0,0.0,,,,,68179267.0
2024-04-03,24917555.0,0.0,232112.0,0.0,,,,,68179267.0
2024-04-04,24917555.0,0.0,232112.0,0.0,,,,,68179267.0
2024-04-05,24917555.0,0.0,232112.0,0.0,,,,,68179267.0
2024-04-06,24917555.0,0.0,232112.0,0.0,,,,,68179267.0
2024-04-07,24917555.0,0.0,232112.0,0.0,,,,,68179267.0
2024-04-08,24919038.0,1483.0,232112.0,0.0,,,,,68179267.0
2024-04-09,24919038.0,0.0,232112.0,0.0,,,,,68179267.0
2024-04-10,24919038.0,0.0,232112.0,0.0,,,,,68179267.0
2024-04-11,24919038.0,0.0,232112.0,0.0,,,,,68179267.0
2024-04-12,24919038.0,0.0,232112.0,0.0,,,,,68179267.0
2024-04-13,24919038.0,0.0,232112.0,0.0,,,,,68179267.0
2024-04-14,24919038.0,0.0,232112.0,0.0,,,,,68179267.0
2024-04-15,24920667.0,1629.0,232112.0,0.0,,,,,68179267.0
2024-04-16,24920667.0,0.0,232112.0,0.0,,,,,68179267.0
2024-04-17,24920667.0,0.0,232112.0,0.0,,,,,68179267.0
2024-04-18,24920667.0,0.0,232112.0,0.0,,,,,68179267.0
2024-04-19,24920667.0,0.0,232112.0,0.0,,,,,68179267.0
2024-04-20,24920667.0,0.0,232112.0,0.0,,,,,68179267.0
2024-04-21,24920667.0,0.0,232112.0,0.0,,,,,68179267.0
2024-04-22,24922720.0,2053.0,232112.0,0.0,,,,,68179267.0
2024-04-23,24922720.0,0.0,232112.0,0.0,,,,,68179267.0
2024-04-24,24922720.0,0.0,232112.0,0.0,,,,,68179267.0
2024-04-25,24922720.0,0.0,232112.0,0.0,,,,,68179267.0
2024-04-26,24922720.0,0.0,232112.0,0.0,,,,,68179267.0
2024-04-27,24922720.0,0.0,232112.0,0.0,,,,,68179267.0
2024-04-28,24922720.0,0.0,232112.0,0.0,,,,,68179267.0
2024-04-29,24925568.0,2848.0,232112.0,0.0,,,,,68179267.0
2024-04-30,24925568.0,0.0,232112.0,0.0,,,,,68179267.0
2024-05-01,24925568.0,0.0,232112.0,0.0,,,,,68179267.0
2024-05-02,24925568.0,0.0,232112.0,0.0,,,,,68179267.0
2024-05-03,24925568.0,0.0,232112.0,0.0,,,,,68179267.0
2024-05-04,24925568.0,0.0,232112.0,0.0,,,,,68179267.0
2024-05-05,24925568.0,0.0,232112.0,0.0,,,,,68179267.0
2024-05-06,24928520.0,2952.0,232112.0,0.0,,,,,68179267.0
2024-05-07,24928520.0,0.0,232112.0,0.0,,,,,68179267.0
2024-05-08,24928520.0,0.0,232112.0,0.0,,,,,68179267.0
2024-05-09,24928520.0,0.0,232112.0,0.0,,,,,68179267.0
2024-05-10,24928520.0,0.0,232112.0,0.0,,,,,68179267.0
2024-05-11,24928520.0,0.0,232112.0,0.0,,,,,68179267.0
2024-05-12,24928520.0,0.0,232112.0,0.0,,,,,68179267.0
2024-05-13,24931119.0,2599.0,232112.0,0.0,,,,,68179267.0
2024-05-14,24931119.0,0.0,232112.0,0.0,,,,,68179267.0
2024-05-15,24931119.0,0.0,232112.0,0.0,,,,,68179267.0
2024-05-16,24931119.0,0.0,232112.0,0.0,,,,,68179267.0
2024-05-17,24931119.0,0.0,232112.0,0.0,,,,,68179267.0
2024-05-18,24931119.0,0.0,232112.0,0.0,,,,,68179267.0
2024-05-19,24931119.0,0.0,232112.0,0.0,,,,,68179267.0
2024-05-20,24933409.0,2290.0,232112.0,0.0,,,,,68179267.0
2024-05-21,24933409.0,0.0,232112.0,0.0,,,,,68179267.0
2024-05-22,24933409.0,0.0,232112.0,0.0,,,,,68179267.0
2024-05-23,24933409.0,0.0,232112.0,0.0,,,,,68179267.0
2024-05-24,24933409.0,0.0,232112.0,0.0,,,,,68179267.0
2024-05-25,24933409.0,0.0,232112.0,0.0,,,,,68179267.0
2024-05-26,24933409.0,0.0,232112.0,0.0,,,,,68179267.0
2024-05-27,24935830.0,2421.0,232112.0,0.0,,,,,68179267.0
2024-05-28,24935830.0,0.0,232112.0,0.0,,,,,68179267.0
2024-05-29,24935830.0,0.0,232112.0,0.0,,,,,68179267.0
2024-05-30,24935830.0,0.0,232112.0,0.0,,,,,68179267.0
2024-05-31,24935830.0,0.0,232112.0,0.0,,,,,68179267.0
2024-06-01,24935830.0,0.0,232112.0,0.0,,,,,68179267.0
2024-06-02,24935830.0,0.0,232112.0,0.0,,,,,68179267.0
2024-06-03,24938719.0,2889.0,232112.0,0.0,,,,,68179267.0
2024-06-04,24938719.0,0.0,232112.0,0.0,,,,,68179267.0
2024-06-05,24938719.0,0.0,232112.0,0.0,,,,,68179267.0
2024-06-06,24938719.0,0.0,232112.0,0.0,,,,,68179267.0
2024-06-07,24938719.0,0.0,232112.0,0.0,,,,,68179267.0
2024-06-08,24938719.0,0.0,232112.0,0.0,,,,,68179267.0
2024-06-09,24938719.0,0.0,232112.0,0.0,,,,,68179267.0
2024-06-10,24942583.0,3864.0,232112.0,0.0,,,,,68179267.0
2024-06-11,24942583.0,0.0,232112.0,0.0,,,,,68179267.0
2024-06-12,24942583.0,0.0,232112.0,0.0,,,,,68179267.0
2024-06-13,24942583.0,0.0,232112.0,0.0,,,,,68179267.0
2024-06-14,24942583.0,0.0,232112.0,0.0,,,,,68179267.0
2024-06-15,24942583.0,0.0,232112.0,0.0,,,,,68179267.0
2024-06-16,24942583.0,0.0,232112.0,0.0,,,,,68179267.0
2024-06-17,24947435.0,4852.0,232112.0,0.0,,,,,68179267.0
2024-06-18,24947435.0,0.0,232112.0,0.0,,,,,68179267.0
2024-06-19,24947435.0,0.0,232112.0,0.0,,,,,68179267.0
2024-06-20,24947435.0,0.0,232112.0,0.0,,,,,68179267.0
2024-06-21,24947435.0,0.0,232112.0,0.0,,,,,68179267.0
2024-06-22,24947435.0,0.0,232112.0,0.0,,,,,68179267.0
2024-06-23,24947435.0,0.0,232112.0,0.0,,,,,68179267.0
2024-06-24,24952312.0,4877.0,232112.0,0.0,,,,,68179267.0
2024-06-25,24952312.0,0.0,232112.0,0.0,,,,,68179267.0
2024-06-26,24952312.0,0.0,232112.0,0.0,,,,,68179267.0
2024-06-27,24952312.0,0.0,232112.0,0.0,,,,,68179267.0
2024-06-28,24952312.0,0.0,232112.0,0.0,,,,,68179267.0
2024-06-29,24952312.0,0.0,232112.0,0.0,,,,,68179267.0
2024-06-30,24952312.0,0.0,232112.0,0.0,,,,,68179267.0
2024-07-01,24957131.0,4819.0,232112.0,0.0,,,,,68179267.0
2024-07-02,24957131.0,0.0,232112.0,0.0,,,,,68179267.0
2024-07-03,24957131.0,0.0,232112.0,0.0,,,,,68179267.0
2024-07-04,24957131.0,0.0,232112.0,0.0,,,,,68179267.0
2024-07-05,24957131.0,0.0,232112.0,0.0,,,,,68179267.0
2024-07-06,24957131.0,0.0,232112.0,0.0,,,,,68179267.0
2024-07-07,24957131.0,0.0,232112.0,0.0,,,,,68179267.0
2024-07-08,24962448.0,5317.0,232112.0,0.0,,,,,68179267.0
2024-07-09,24962448.0,0.0,232112.0,0.0,,,,,68179267.0
2024-07-10,24962448.0,0.0,232112.0,0.0,,,,,68179267.0
2024-07-11,24962448.0,0.0,232112.0,0.0,,,,,68179267.0
2024-07-12,24962448.0,0.0,232112.0,0.0,,,,,68179267.0
2024-07-13,24962448.0,0.0,232112.0,0.0,,,,,68179267.0
2024-07-14,24962448.0,0.0,232112.0,0.0,,,,,68179267.0
2024-07-15,24967601.0,5153.0,232112.0,0.0,,,,,68179267.0
2024-07-16,24967601.0,0.0,232112.0,0.0,,,,,68179267.0
2024-07-17,24967601.0,0.0,232112.0,0.0,,,,,68179267.0
2024-07-18,24967601.0,0.0,232112.0,0.0,,,,,68179267.0
2024-07-19,24967601.0,0.0,232112.0,0.0,,,,,68179267.0
2024-07-20,24967601.0,0.0,232112.0,0.0,,,,,68179267.0
2024-07-21,24967601.0,0.0,232112.0,0.0,,,,,68179267.0
2024-07-22,24971832.0,4231.0,232112.0,0.0,,,,,68179267.0
2024-07-23,24971832.0,0.0,232112.0,0.0,,,,,68179267.0
2024-07-24,24971832.0,0.0,232112.0,0.0,,,,,68179267.0
2024-07-25,24971832.0,0.0,232112.0,0.0,,,,,68179267.0
2024-07-26,24971832.0,0.0,232112.0,0.0,,,,,68179267.0
2024-07-27,24971832.0,0.0,232112.0,0.0,,,,,68179267.0
2024-07-28,24971832.0,0.0,232112.0,0.0,,,,,68179267.0
2024-07-29,24975369.0,3537.0,232112.0,0.0,,,,,68179267.0
2024-07-30,24975369.0,0.0,232112.0,0.0,,,,,68179267.0
2024-07-31,24975369.0,0.0,232112.0,0.0,,,,,68179267.0
2024-08-01,24975369.0,0.0,232112.0,0.0,,,,,68179267.0
2024-08-02,24975369.0,0.0,232112.0,0.0,,,,,68179267.0
2024-08-03,24975369.0,0.0,232112.0,0.0,,,,,68179267.0
2024-08-04,24975369.0,0.0,232112.0,0.0,,,,,68179267.0
2024-08-05,24978002.0,2633.0,232112.0,0.0,,,,,68179267.0
2024-08-06,24978002.0,0.0,232112.0,0.0,,,,,68179267.0
2024-08-07,24978002.0,0.0,232112.0,0.0,,,,,68179267.0
2024-08-08,24978002.0,0.0,232112.0,0.0,,,,,68179267.0
2024-08-09,24978002.0,0.0,232112.0,0.0,,,,,68179267.0
2024-08-10,24978002.0,0.0,232112.0,0.0,,,,,68179267.0
2024-08-11,24978002.0,0.0,232112.0,0.0,,,,,68179267.0
2024-08-12,24980256.0,2254.0,232112.0,0.0,,,,,68179267.0
2024-08-13,24980256.0,0.0,232112.0,0.0,,,,,68179267.0
2024-08-14,24980256.0,0.0,232112.0,0.0,,,,,68179267.0
2024-08-15,24980256.0,0.0,232112.0,0.0,,,,,68179267.0
2024-08-16,24980256.0,0.0,232112.0,0.0,,,,,68179267.0
2024-08-17,24980256.0,0.0,232112.0,0.0,,,,,68179267.0
2024-08-18,24980256.0,0.0,232112.0,0.0,,,,,68179267.0
2024-08-19,24982306.0,2050.0,232112.0,0.0,,,,,68179267.0
2024-08-20,24982306.0,0.0,232112.0,0.0,,,,,68179267.0
2024-08-21,24982306.0,0.0,232112.0,0.0,,,,,68179267.0
2024-08-22,24982306.0,0.0,232112.0,0.0,,,,,68179267.0
2024-08-23,24982306.0,0.0,232112.0,0.0,,,,,68179267.0
2024-08-24,24982306.0,0.0,232112.0,0.0,,,,,68179267.0
2024-08-25,24982306.0,0.0,232112.0,0.0,,,,,68179267.0
2024-08-26,24984570.0,2264.0,232112.0,0.0,,,,,68179267.0
2024-08-27,24984570.0,0.0,232112.0,0.0,,,,,68179267.0
2024-08-28,24984570.0,0.0,232112.0,0.0,,,,,68179267.0
2024-08-29,24984570.0,0.0,232112.0,0.0,,,,,68179267.0
2024-08-30,24984570.0,0.0,232112.0,0.0,,,,,68179267.0
2024-08-31,24984570.0,0.0,232112.0,0.0,,,,,68179267.0
2024-09-01,24984570.0,0.0,232112.0,0.0,,,,,68179267.0
2024-09-02,24986915.0,2345.0,232112.0,0.0,,,,,68179267.0
2024-09-03,24986915.0,0.0,232112.0,0.0,,,,,68179267.0
2024-09-04,24986915.0,0.0,232112.0,0.0,,,,,68179267.0
2024-09-05,24986915.0,0.0,232112.0,0.0,,,,,68179267.0
2024-09-06,24986915.0,0.0,232112.0,0.0,,,,,68179267.0
2024-09-07,24986915.0,0.0,232112.0,0.0,,,,,68179267.0
2024-09-08,24986915.0,0.0,232112.0,0.0,,,,,68179267.0
2024-09-09,24989375.0,2460.0,232112.0,0.0,,,,,68179267.0
2024-09-10,24989375.0,0.0,232112.0,0.0,,,,,68179267.0
2024-09-11,24989375.0,0.0,232112.0,0.0,,,,,68179267.0
2024-09-12,24989375.0,0.0,232112.0,0.0,,,,,68179267.0
2024-09-13,24989375.0,0.0,232112.0,0.0,,,,,68179267.0
2024-09-14,24989375.0,0.0,232112.0,0.0,,,,,68179267.0
2024-09-15,24989375.0,0.0,232112.0,0.0,,,,,68179267.0
2024-09-16,24992833.0,3458.0,232112.0,0.0,,,,,68179267.0
2024-09-17,24992833.0,0.0,232112.0,0.0,,,,,68179267.0
2024-09-18,24992833.0,0.0,232112.0,0.0,,,,,68179267.0
2024-09-19,24992833.0,0.0,232112.0,0.0,,,,,68179267.0
2024-09-20,24992833.0,0.0,232112.0,0.0,,,,,68179267.0
2024-09-21,24992833.0,0.0,232112.0,0.0,,,,,68179267.0
2024-09-22,24992833.0,0.0,232112.0,0.0,,,,,68179267.0
2024-09-23,24996360.0,3527.0,232112.0,0.0,,,,,68179267.0
2024-09-24,24996360.0,0.0,232112.0,0.0,,,,,68179267.0
2024-09-25,24996360.0,0.0,232112.0,0.0,,,,,68179267.0
2024-09-26,24996360.0,0.0,232112.0,0.0,,,,,68179267.0
2024-09-27,24996360.0,0.0,232112.0,0.0,,,,,68179267.0
2024-09-28,24996360.0,0.0,232112.0,0.0,,,,,68179267.0
2024-09-29,24996360.0,0.0,232112.0,0.0,,,,,68179267.0
2024-09-30,25000198.0,3838.0,232112.0,0.0,,,,,68179267.0
2024-10-01,25000198.0,0.0,232112.0,0.0,,,,,68179267.0
2024-10-02,25000198.0,0.0,232112.0,0.0,,,,,68179267.0
2024-10-03,25000198.0,0.0,232112.0,0.0,,,,,68179267.0
2024-10-04,25000198.0,0.0,232112.0,0.0,,,,,68179267.0
2024-10-05,25000198.0,0.0,232112.0,0.0,,,,,68179267.0
2024-10-06,25000198.0,0.0,232112.0,0.0,,,,,68179267.0
2024-10-07,25004167.0,3969.0,232112.0,0.0,,,,,68179267.0
2024-10-08,25004167.0,0.0,232112.0,0.0,,,,,68179267.0
2024-10-09,25004167.0,0.0,232112.0,0.0,,,,,68179267.0
2024-10-10,25004167.0,0.0,232112.0,0.0,,,,,68179267.0
2024-10-11,25004167.0,0.0,232112.0,0.0,,,,,68179267.0
2024-10-12,25004167.0,0.0,232112.0,0.0,,,,,68179267.0
2024-10-13,25004167.0,0.0,232112.0,0.0,,,,,68179267.0
2024-10-14,25007984.0,3817.0,232112.0,0.0,,,,,68179267.0
2024-10-15,25007984.0,0.0,232112.0,0.0,,,,,68179267.0
2024-10-16,25007984.0,0.0,232112.0,0.0,,,,,68179267.0
2024-10-17,25007984.0,0.0,232112.0,0.0,,,,,68179267.0
2024-10-18,25007984.0,0.0,232112.0,0.0,,,,,68179267.0
2024-10-19,25007984.0,0.0,232112.0,0.0,,,,,68179267.0
2024-10-20,25007984.0,0.0,232112.0,0.0,,,,,68179267.0
2024-10-21,25010920.0,2936.0,232112.0,0.0,,,,,68179267.0
2024-10-22,25010920.0,0.0,232112.0,0.0,,,,,68179267.0
2024-10-23,25010920.0,0.0,232112.0,0.0,,,,,68179267.0
2024-10-24,25010920.0,0.0,232112.0,0.0,,,,,68179267.0
2024-10-25,25010920.0,0.0,232112.0,0.0,,,,,68179267.0
2024-10-26,25010920.0,0.0,232112.0,0.0,,,,,68179267.0
2024-10-27,25010920.0,0.0,232112.0,0.0,,,,,68179267.0
2024-10-28,25013016.0,2096.0,232112.0,0.0,,,,,68179267.0
2024-10-29,25013016.0,0.0,232112.0,0.0,,,,,68179267.0
2024-10-30,25013016.0,0.0,232112.0,0.0,,,,,68179267.0
2024-10-31,25013016.0,0.0,232112.0,0.0,,,,,68179267.0
2024-11-01,25013016.0,0.0,232112.0,0.0,,,,,68179267.0
2024-11-02,25013016.0,0.0,232112.0,0.0,,,,,68179267.0
2024-11-03,25013016.0,0.0,232112.0,0.0,,,,,68179267.0
2024-11-04,25014737.0,1721.0,232112.0,0.0,,,,,68179267.0
2024-11-05,25014737.0,0.0,232112.0,0.0,,,,,68179267.0
2024-11-06,25014737.0,0.0,232112.0,0.0,,,,,68179267.0
2024-11-07,25014737.0,0.0,232112.0,0.0,,,,,68179267.0
2024-11-08,25014737.0,0.0,232112.0,0.0,,,,,68179267.0
2024-11-09,25014737.0,0.0,232112.0,0.0,,,,,68179267.0
2024-11-10,25014737.0,0.0,232112.0,0.0,,,,,68179267.0
2024-11-11,25016103.0,1366.0,232112.0,0.0,,,,,68179267.0
2024-11-12,25016103.0,0.0,232112.0,0.0,,,,,68179267.0
2024-11-13,25016103.0,0.0,232112.0,0.0,,,,,68179267.0
2024-11-14,25016103.0,0.0,232112.0,0.0,,,,,68179267.0
2024-11-15,25016103.0,0.0,232112.0,0.0,,,,,68179267.0
2024-11-16,25016103.0,0.0,232112.0,0.0,,,,,68179267.0
2024-11-17,25016103.0,0.0,232112.0,0.0,,,,,68179267.0
2024-11-18,25017503.0,1400.0,232112.0,0.0,,,,,68179267.0
2024-11-19,25017503.0,0.0,232112.0,0.0,,,,,68179267.0
2024-11-20,25017503.0,0.0,232112.0,0.0,,,,,68179267.0
2024-11-21,25017503.0,0.0,232112.0,0.0,,,,,68179267.0
2024-11-22,25017503.0,0.0,232112.0,0.0,,,,,68179267.0
2024-11-23,25017503.0,0.0,232112.0,0.0,,,,,68179267.0
2024-11-24,25017503.0,0.0,232112.0,0.0,,,,,68179267.0
2024-11-25,25018883.0,1380.0,232112.0,0.0,,,,,68179267.0
2024-11-26,25018883.0,0.0,232112.0,0.0,,,,,68179267.0
2024-11-27,25018883.0,0.0,232112.0,0.0,,,,,68179267.0
2024-11-28,25018883.0,0.0,232112.0,0.0,,,,,68179267.0
2024-11-29,25018883.0,0.0,232112.0,0.0,,,,,68179267.0
2024-11-30,25018883.0,0.0,232112.0,0.0,,,,,68179267.0
2024-12-01,25018883.0,0.0,232112.0,0.0,,,,,68179267.0
2024-12-02,25020271.0,1388.0,232112.0,0.0,,,,,68179267.0
2024-12-03,25020271.0,0.0,232112.0,0.0,,,,,68179267.0
2024-12-04,25020271.0,0.0,232112.0,0.0,,,,,68179267.0
2024-12-05,25020271.0,0.0,232112.0,0.0,,,,,68179267.0
2024-12-06,25020271.0,0.0,232112.0,0.0,,,,,68179267.0
2024-12-07,25020271.0,0.0,232112.0,0.0,,,,,68179267.0
2024-12-08,25020271.0,0.0,232112.0,0.0,,,,,68179267.0
2024-12-09,25021626.0,1355.0,232112.0,0.0,,,,,68179267.0
2024-12-10,25021626.0,0.0,232112.0,0.0,,,,,68179267.0
2024-12-11,25021626.0,0.0,232112.0,0.0,,,,,68179267.0
2024-12-12,25021626.0,0.0,232112.0,0.0,,,,,68179267.0
2024-12-13,25021626.0,0.0,232112.0,0.0,,,,,68179267.0
2024-12-14,25021626.0,0.0,232112.0,0.0,,,,,68179267.0
2024-12-15,25021626.0,0.0,232112.0,0.0,,,,,68179267.0
2024-12-16,25023097.0,1471.0,232112.0,0.0,,,,,68179267.0
2024-12-17,25023097.0,0.0,232112.0,0.0,,,,,68179267.0
2024-12-18,25023097.0,0.0,232112.0,0.0,,,,,68179267.0
2024-12-19,25023097.0,0.0,232112.0,0.0,,,,,68179267.0
2024-12-20,25023097.0,0.0,232112.0,0.0,,,,,68179267.0
2024-12-21,25023097.0,0.0,232112.0,0.0,,,,,68179267.0
2024-12-22,25023097.0,0.0,232112.0,0.0,,,,,68179267.0
2024-12-23,25024261.0,1164.0,232112.0,0.0,,,,,68179267.0
2024-12-24,25024261.0,0.0,232112.0,0.0,,,,,68179267.0
2024-12-25,25024261.0,0.0,232112.0,0.0,,,,,68179267.0
2024-12-26,25024261.0,0.0,232112.0,0.0,,,,,68179267.0
2024-12-27,25024261.0,0.0,232112.0,0.0,,,,,68179267.0
2024-12-28,25024261.0,0.0,232112.0,0.0,,,,,68179267.0
2024-12-29,25024261.0,0.0,232112.0,0.0,,,,,68179267.0
2024-12-30,25025439.0,1178.0,232112.0,0.0,,,,,68179267.0
2024-12-31,25025439.0,0.0,232112.0,0.0,,,,,68179267.0
2025-01-01,25025439.0,0.0,232112.0,0.0,,,,,68179267.0
2025-01-02,25025439.0,0.0,232112.0,0.0,,,,,68179267.0
2025-01-03,25025439.0,0.0,232112.0,0.0,,,,,68179267.0
2025-01-04,25025439.0,0.0,232112.0,0.0,,,,,68179267.0
2025-01-05,25025439.0,0.0,232112.0,0.0,,,,,68179267.0
2025-01-06,25026465.0,1026.0,232112.0,0.0,,,,,68179267.0
2025-01-07,25026465.0,0.0,232112.0,0.0,,,,,68179267.0
2025-01-08,25026465.0,0.0,232112.0,0.0,,,,,68179267.0
2025-01-09,25026465.0,0.0,232112.0,0.0,,,,,68179267.0
2025-01-10,25026465.0,0.0,232112.0,0.0,,,,,68179267.0
2025-01-11,25026465.0,0.0,232112.0,0.0,,,,,68179267.0
2025-01-12,25026465.0,0.0,232112.0,0.0,,,,,68179267.0
2025-01-13,25027434.0,969.0,232112.0,0.0,,,,,68179267.0
2025-01-14,25027434.0,0.0,232112.0,0.0,,,,,68179267.0
2025-01-15,25027434.0,0.0,232112.0,0.0,,,,,68179267.0
2025-01-16,25027434.0,0.0,232112.0,0.0,,,,,68179267.0
2025-01-17,25027434.0,0.0,232112.0,0.0,,,,,68179267.0
2025-01-18,25027434.0,0.0,232112.0,0.0,,,,,68179267.0
2025-01-19,25027434.0,0.0,232112.0,0.0,,,,,68179267.0
2025-01-20,25028378.0,944.0,232112.0,0.0,,,,,68179267.0
2025-01-21,25028378.0,0.0,232112.0,0.0,,,,,68179267.0
2025-01-22,25028378.0,0.0,232112.0,0.0,,,,,68179267.0
2025-01-23,25028378.0,0.0,232112.0,0.0,,,,,68179267.0
2025-01-24,25028378.0,0.0,232112.0,0.0,,,,,68179267.0
2025-01-25,25028378.0,0.0,232112.0,0.0,,,,,68179267.0
2025-01-26,25028378.0,0.0,232112.0,0.0,,,,,68179267.0
2025-01-27,25029332.0,954.0,232112.0,0.0,,,,,68179267.0
2025-01-28,25029332.0,0.0,232112.0,0.0,,,,,68179267.0
2025-01-29,25029332.0,0.0,232112.0,0.0,,,,,68179267.0
2025-01-30,25029332.0,0.0,232112.0,0.0,,,,,68179267.0
2025-01-31,25029332.0,0.0,232112.0,0.0,,,,,68179267.0
2025-02-01,25029332.0,0.0,232112.0,0.0,,,,,68179267.0
2025-02-02,25029332.0,0.0,232112.0,0.0,,,,,68179267.0
2025-02-03,25030262.0,930.0,232112.0,0.0,,,,,68179267.0
2025-02-04,25030262.0,0.0,232112.0,0.0,,,,,68179267.0
2025-02-05,25030262.0,0.0,232112.0,0.0,,,,,68179267.0
2025-02-06,25030262.0,0.0,232112.0,0.0,,,,,68179267.0
2025-02-07,25030262.0,0.0,232112.0,0.0,,,,,68179267.0
2025-02-08,25030262.0,0.0,232112.0,0.0,,,,,68179267.0
2025-02-09,25030262.0,0.0,232112.0,0.0,,,,,68179267.0
2025-02-10,25031232.0,970.0,232112.0,0.0,,,,,68179267.0
2025-02-11,25031232.0,0.0,232112.0,0.0,,,,,68179267.0
2025-02-12,25031232.0,0.0,232112.0,0.0,,,,,68179267.0
2025-02-13,25031232.0,0.0,232112.0,0.0,,,,,68179267.0
2025-02-14,25031232.0,0.0,232112.0,0.0,,,,,68179267.0
2025-02-15,25031232.0,0.0,232112.0,0.0,,,,,68179267.0
2025-02-16,25031232.0,0.0,232112.0,0.0,,,,,68179267.0
2025-02-17,25032330.0,1098.0,232112.0,0.0,,,,,68179267.0
2025-02-18,25032330.0,0.0,232112.0,0.0,,,,,68179267.0
2025-02-19,25032330.0,0.0,232112.0,0.0,,,,,68179267.0
2025-02-20,25032330.0,0.0,232112.0,0.0,,,,,68179267.0
2025-02-21,25032330.0,0.0,232112.0,0.0,,,,,68179267.0
2025-02-22,25032330.0,0.0,232112.0,0.0,,,,,68179267.0
2025-02-23,25032330.0,0.0,232112.0,0.0,,,,,68179267.0
2025-02-24,25033321.0,991.0,232112.0,0.0,,,,,68179267.0
2025-02-25,25033321.0,0.0,232112.0,0.0,,,,,68179267.0
2025-02-26,25033321.0,0.0,232112.0,0.0,,,,,68179267.0
2025-02-27,25033321.0,0.0,232112.0,0.0,,,,,68179267.0
2025-02-28,25033321.0,0.0,232112.0,0.0,,,,,68179267.0
2025-03-01,25033321.0,0.0,232112.0,0.0,,,,,68179267.0
2025-03-02,25033321.0,0.0,232112.0,0.0,,,,,68179267.0
2025-03-03,25034349.0,1028.0,232112.0,0.0,,,,,68179267.0
2025-03-04,25034349.0,0.0,232112.0,0.0,,,,,68179267.0
2025-03-05,25034349.0,0.0,232112.0,0.0,,,,,68179267.0
2025-03-06,25034349.0,0.0,232112.0,0.0,,,,,68179267.0
2025-03-07,25034349.0,0.0,232112.0,0.0,,,,,68179267.0
2025-03-08,25034349.0,0.0,232112.0,0.0,,,,,68179267.0
2025-03-09,25034349.0,0.0,232112.0,0.0,,,,,68179267.0
2025-03-10,25035356.0,1007.0,232112.0,0.0,,,,,68179267.0
2025-03-11,25035356.0,0.0,232112.0,0.0,,,,,68179267.0
2025-03-12,25035356.0,0.0,232112.0,0.0,,,,,68179267.0
2025-03-13,25035356.0,0.0,232112.0,0.0,,,,,68179267.0
2025-03-14,25035356.0,0.0,232112.0,0.0,,,,,68179267.0
2025-03-15,25035356.0,0.0,232112.0,0.0,,,,,68179267.0
2025-03-16,25035356.0,0.0,232112.0,0.0,,,,,68179267.0
2025-03-17,25036589.0,1233.0,232112.0,0.0,,,,,68179267.0
2025-03-18,25036589.0,0.0,232112.0,0.0,,,,,68179267.0
2025-03-19,25036589.0,0.0,232112.0,0.0,,,,,68179267.0
2025-03-20,25036589.0,0.0,232112.0,0.0,,,,,68179267.0
2025-03-21,25036589.0,0.0,232112.0,0.0,,,,,68179267.0
2025-03-22,25036589.0,0.0,232112.0,0.0,,,,,68179267.0
2025-03-23,25036589.0,0.0,232112.0,0.0,,,,,68179267.0
2025-03-24,25037822.0,1233.0,232112.0,0.0,,,,,68179267.0
2025-03-25,25037822.0,0.0,232112.0,0.0,,,,,68179267.0
2025-03-26,25037822.0,0.0,232112.0,0.0,,,,,68179267.0
2025-03-27,25037822.0,0.0,232112.0,0.0,,,,,68179267.0
2025-03-28,25037822.0,0.0,232112.0,0.0,,,,,68179267.0
2025-03-29,25037822.0,0.0,232112.0,0.0,,,,,68179267.0
2025-03-30,25037822.0,0.0,232112.0,0.0,,,,,68179267.0
2025-03-31,25039176.0,1354.0,232112.0,0.0,,,,,68179267.0
2025-04-01,25039176.0,0.0,232112.0,0.0,,,,,68179267.0
2025-04-02,25039176.0,0.0,232112.0,0.0,,,,,68179267.0
2025-04-03,25039176.0,0.0,232112.0,0.0,,,,,68179267.0
2025-04-04,25039176.0,0.0,232112.0,0.0,,,,,68179267.0
2025-04-05,25039176.0,0.0,232112.0,0.0,,,,,68179267.0
2025-04-06,25039176.0,0.0,232112.0,0.0,,,,,68179267.0
2025-04-07,25040543.0,1367.0,232112.0,0.0,,,,,68179267.0
2025-04-08,25040543.0,0.0,232112.0,0.0,,,,,68179267.0
2025-04-09,25040543.0,0.0,232112.0,0.0,,,,,68179267.0
2025-04-10,25040543.0,0.0,232112.0,0.0,,,,,68179267.0
2025-04-11,25040543.0,0.0,232112.0,0.0,,,,,68179267.0
2025-04-12,25040543.0,0.0,232112.0,0.0,,,,,68179267.0
2025-04-13,25040543.0,0.0,232112.0,0.0,,,,,68179267.0
2025-04-14,25041861.0,1318.0,232112.0,0.0,,,,,68179267.0
2025-04-15,25041861.0,0.0,232112.0,0.0,,,,,68179267.0
2025-04-16,25041861.0,0.0,232112.0,0.0,,,,,68179267.0
2025-04-17,25041861.0,0.0,232112.0,0.0,,,,,68179267.0
2025-04-18,25041861.0,0.0,232112.0,0.0,,,,,68179267.0
2025-04-19,25041861.0,0.0,232112.0,0.0,,,,,68179267.0
2025-04-20,25041861.0,0.0,232112.0,0.0,,,,,68179267.0
2025-04-21,25043242.0,1381.0,232112.0,0.0,,,,,68179267.0
2025-04-22,25043242.0,0.0,232112.0,0.0,,,,,68179267.0
2025-04-23,25043242.0,0.0,232112.0,0.0,,,,,68179267.0
2025-04-24,25043242.0,0.0,232112.0,0.0,,,,,68179267.0
2025-04-25,25043242.0,0.0,232112.0,0.0,,,,,68179267.0
2025-04-26,25043242.0,0.0,232112.0,0.0,,,,,68179267.0
2025-04-27,25043242.0,0.0,232112.0,0.0,,,,,68179267.0
2025-04-28,25044661.0,1419.0,232112.0,0.0,,,,,68179267.0
2025-04-29,25044661.0,0.0,232112.0,0.0,,,,,68179267.0
2025-04-30,25044661.0,0.0,232112.0,0.0,,,,,68179267.0
2025-05-01,25044661.0,0.0,232112.0,0.0,,,,,68179267.0
2025-05-02,25044661.0,0.0,232112.0,0.0,,,,,68179267.0
2025-05-03,25044661.0,0.0,232112.0,0.0,,,,,68179267.0
2025-05-04,25044661.0,0.0,232112.0,0.0,,,,,68179267.0
2025-05-05,25045843.0,1182.0,232112.0,0.0,,,,,68179267.0
2025-05-06,25045843.0,0.0,232112.0,0.0,,,,,68179267.0
2025-05-07,25045843.0,0.0,232112.0,0.0,,,,,68179267.0
2025-05-08,25045843.0,0.0,232112.0,0.0,,,,,68179267.0
2025-05-09,25045843.0,0.0,232112.0,0.0,,,,,68179267.0
2025-05-10,25045843.0,0.0,232112.0,0.0,,,,,68179267.0
2025-05-11,25045843.0,0.0,232112.0,0.0,,,,,68179267.0
2025-05-12,25047092.0,1249.0,232112.0,0.0,,,,,68179267.0
2025-05-13,25047092.0,0.0,232112.0,0.0,,,,,68179267.0
2025-05-14,25047092.0,0.0,232112.0,0.0,,,,,68179267.0
2025-05-15,25047092.0,0.0,232112.0,0.0,,,,,68179267.0
2025-05-16,25047092.0,0.0,232112.0,0.0,,,,,68179267.0
2025-05-17,25047092.0,0.0,232112.0,0.0,,,,,68179267.0
2025-05-18,25047092.0,0.0,232112.0,0.0,,,,,68179267.0
2025-05-19,25048395.0,1303.0,232112.0,0.0,,,,,68179267.0
2025-05-20,25048395.0,0.0,232112.0,0.0,,,,,68179267.0
2025-05-21,25048395.0,0.0,232112.0,0.0,,,,,68179267.0
2025-05-22,25048395.0,0.0,232112.0,0.0,,,,,68179267.0
2025-05-23,25048395.0,0.0,232112.0,0.0,,,,,68179267.0
2025-05-24,25048395.0,0.0,232112.0,0.0,,,,,68179267.0
2025-05-25,25048395.0,0.0,232112.0,0.0,,,,,68179267.0
2025-05-26,25049828.0,1433.0,232112.0,0.0,,,,,68179267.0
2025-05-27,25049828.0,0.0,232112.0,0.0,,,,,68179267.0
2025-05-28,25049828.0,0.0,232112.0,0.0,,,,,68179267.0
2025-05-29,25049828.0,0.0,232112.0,0.0,,,,,68179267.0
2025-05-30,25049828.0,0.0,232112.0,0.0,,,,,68179267.0
2025-05-31,25049828.0,0.0,232112.0,0.0,,,,,68179267.0
2025-06-01,25049828.0,0.0,232112.0,0.0,,,,,68179267.0
2025-06-02,25051314.0,1486.0,232112.0,0.0,,,,,68179267.0
2025-06-03,25051314.0,0.0,232112.0,0.0,,,,,68179267.0
2025-06-04,25051314.0,0.0,232112.0,0.0,,,,,68179267.0
2025-06-05,25051314.0,0.0,232112.0,0.0,,,,,68179267.0
2025-06-06,25051314.0,0.0,232112.0,0.0,,,,,68179267.0
2025-06-07,25051314.0,0.0,232112.0,0.0,,,,,68179267.0
2025-06-08,25051314.0,0.0,232112.0,0.0,,,,,68179267.0
2025-06-09,25053029.0,1715.0,232112.0,0.0,,,,,68179267.0
2025-06-10,25053029.0,0.0,232112.0,0.0,,,,,68179267.0
2025-06-11,25053029.0,0.0,232112.0,0.0,,,,,68179267.0
2025-06-12,25053029.0,0.0,232112.0,0.0,,,,,68179267.0
2025-06-13,25053029.0,0.0,232112.0,0.0,,,,,68179267.0
2025-06-14,25053029.0,0.0,232112.0,0.0,,,,,68179267.0
2025-06-15,25053029.0,0.0,232112.0,0.0,,,,,68179267.0
2025-06-16,25054724.0,1695.0,232112.0,0.0,,,,,68179267.0
2025-06-17,25054724.0,0.0,232112.0,0.0,,,,,68179267.0
2025-06-18,25054724.0,0.0,232112.0,0.0,,,,,68179267.0
2025-06-19,25054724.0,0.0,232112.0,0.0,,,,,68179267.0
2025-06-20,25054724.0,0.0,232112.0,0.0,,,,,68179267.0
2025-06-21,25054724.0,0.0,232112.0,0.0,,,,,68179267.0
2025-06-22,25054724.0,0.0,232112.0,0.0,,,,,68179267.0
2025-06-23,25056062.0,1338.0,232112.0,0.0,,,,,68179267.0
2025-06-24,25056062.0,0.0,232112.0,0.0,,,,,68179267.0
2025-06-25,25056062.0,0.0,232112.0,0.0,,,,,68179267.0
2025-06-26,25056062.0,0.0,232112.0,0.0,,,,,68179267.0
2025-06-27,25056062.0,0.0,232112.0,0.0,,,,,68179267.0
2025-06-28,25056062.0,0.0,232112.0,0.0,,,,,68179267.0
2025-06-29,25056062.0,0.0,232112.0,0.0,,,,,68179267.0
2025-06-30,25057280.0,1218.0,232112.0,0.0,,,,,68179267.0
2025-07-01,25057280.0,0.0,232112.0,0.0,,,,,68179267.0
2025-07-02,25057280.0,0.0,232112.0,0.0,,,,,68179267.0
2025-07-03,25057280.0,0.0,232112.0,0.0,,,,,68179267.0
2025-07-04,25057280.0,0.0,232112.0,0.0,,,,,68179267.0
2025-07-05,25057280.0,0.0,232112.0,0.0,,,,,68179267.0
2025-07-06,25057280.0,0.0,232112.0,0.0,,,,,68179267.0
2025-07-07,25058645.0,1365.0,232112.0,0.0,,,,,68179267.0
2025-07-08,25058645.0,0.0,232112.0,0.0,,,,,68179267.0
2025-07-09,25058645.0,0.0,232112.0,0.0,,,,,68179267.0
2025-07-10,25058645.0,0.0,232112.0,0.0,,,,,68179267.0
2025-07-11,25058645.0,0.0,232112.0,0.0,,,,,68179267.0
2025-07-12,25058645.0,0.0,232112.0,0.0,,,,,68179267.0
2025-07-13,25058645.0,0.0,232112.0,0.0,,,,,68179267.0
2025-07-14,25060124.0,1479.0,232112.0,0.0,,,,,68179267.0
2025-07-15,25060124.0,0.0,232112.0,0.0,,,,,68179267.0
2025-07-16,25060124.0,0.0,232112.0,0.0,,,,,68179267.0
2025-07-17,25060124.0,0.0,232112.0,0.0,,,,,68179267.0
2025-07-18,25060124.0,0.0,232112.0,0.0,,,,,68179267.0
2025-07-19,25060124.0,0.0,232112.0,0.0,,,,,68179267.0
2025-07-20,25060124.0,0.0,232112.0,0.0,,,,,68179267.0
2025-07-21,25061438.0,1314.0,232112.0,0.0,,,,,68179267.0
2025-07-22,25061438.0,0.0,232112.0,0.0,,,,,68179267.0
2025-07-23,25061438.0,0.0,232112.0,0.0,,,,,68179267.0
2025-07-24,25061438.0,0.0,232112.0,0.0,,,,,68179267.0
2025-07-25,25061438.0,0.0,232112.0,0.0,,,,,68179267.0
2025-07-26,25061438.0,0.0,232112.0,0.0,,,,,68179267.0
2025-07-27,25061438.0,0.0,232112.0,0.0,,,,,68179267.0
2025-07-28,25062970.0,1532.0,232112.0,0.0,,,,,68179267.0
2025-07-29,25062970.0,0.0,232112.0,0.0,,,,,68179267.0
2025-07-30,25062970.0,0.0,232112.0,0.0,,,,,68179267.0
2025-07-31,25062970.0,0.0,232112.0,0.0,,,,,68179267.0
2025-08-01,25062970.0,0.0,232112.0,0.0,,,,,68179267.0
2025-08-02,25062970.0,0.0,232112.0,0.0,,,,,68179267.0
2025-08-03,25062970.0,0.0,232112.0,0.0,,,,,68179267.0
2025-08-04,25064739.0,1769.0,232112.0,0.0,,,,,68179267.0
2025-08-05,25064739.0,0.0,232112.0,0.0,,,,,68179267.0
2025-08-06,25064739.0,0.0,232112.0,0.0,,,,,68179267.0
2025-08-07,25064739.0,0.0,232112.0,0.0,,,,,68179267.0
2025-08-08,25064739.0,0.0,232112.0,0.0,,,,,68179267.0
2025-08-09,25064739.0,0.0,232112.0,0.0,,,,,68179267.0
2025-08-10,25064739.0,0.0,232112.0,0.0,,,,,68179267.0
2025-08-11,25066735.0,1996.0,232112.0,0.0,,,,,68179267.0
2025-08-12,25066735.0,0.0,232112.0,0.0,,,,,68179267.0
2025-08-13,25066735.0,0.0,232112.0,0.0,,,,,68179267.0
2025-08-14,25066735.0,0.0,232112.0,0.0,,,,,68179267.0
2025-08-15,25066735.0,0.0,232112.0,0.0,,,,,68179267.0
2025-08-16,25066735.0,0.0,232112.0,0.0,,,,,68179267.0
2025-08-17,25066735.0,0.0,232112.0,0.0,,,,,68179267.0
2025-08-18,25068493.0,1758.0,232112.0,0.0,,,,,68179267.0
2025-08-19,25068493.0,0.0,232112.0,0.0,,,,,68179267.0
2025-08-20,25068493.0,0.0,232112.0,0.0,,,,,68179267.0
2025-08-21,25068493.0,0.0,232112.0,0.0,,,,,68179267.0
2025-08-22,25068493.0,0.0,232112.0,0.0,,,,,68179267.0
2025-08-23,25068493.0,0.0,232112.0,0.0,,,,,68179267.0
2025-08-24,25068493.0,0.0,232112.0,0.0,,,,,68179267.0
2025-08-31,,,,,,,,,68179267.0
2025-09-07,,,,,,,,,68179267.0
2025-09-14,,,,,,,,,68179267.0
2025-09-21,,,,,,,,,68179267.0
2025-09-28,,,,,,,,,68179267.0
2025-10-05,,,,,,,,,68179267.0
2025-10-12,,,,,,,,,68179267.0
2025-10-19,,,,,,,,,68179267.0
2025-10-26,,,,,,,,,68179267.0
2025-11-02,,,,,,,,,68179267.0
2025-11-09,,,,,,,,,68179267.0
2025-11-16,,,,,,,,,68179267.0
2025-11-23,,,,,,,,,68179267.0
2025-11-30,,,,,,,,,68179267.0
2025-12-07,,,,,,,,,68179267.0
2025-12-14,,,,,,,,,68179267.0
2025-12-21,,,,,,,,,68179267.0
2025-12-28,,,,,,,,,68179267.0
